Category,Text
TRUE,அகந்தை
TRUE,அக்காரம்
TRUE,அங்கம்
FALSE,அசரீரி
TRUE,அஞ்ஞாதம்
TRUE,அதிட்டம்
TRUE,அத்திபாரம்
FALSE,அநாகதம்
TRUE,அநுட்டானம்
FALSE,அநுபோகம்
TRUE,அந்தம்
TRUE,அபகரித்தல்
FALSE,அபாயம்
TRUE,அபிப்பிராயம்
TRUE,அப்பிராணி
TRUE,அயச்செந்தூரம்
FALSE,அருவம்
TRUE,அலட்சியம்
FALSE,அவமானம்
FALSE,ஆகாயவிமானம்
FALSE,ஆசாமி
TRUE,ஆச்சரியம்
FALSE,ஆதாரம்
FALSE,ஆதிரம்
TRUE,ஆமோதித்தல்
FALSE,ஆரம்
FALSE,ஆவசியம்
FALSE,இடபம்
FALSE,இதரம்
FALSE,இரசம்
FALSE,இராஜஶ்ரீ
FALSE,இருதயம்
TRUE,இலட்சம்
FALSE,இலாகா
TRUE,ஈசுரநிச்சயம்
TRUE,உச்சரிப்பு
TRUE,உதித்தல்
FALSE,உபகரணம்
FALSE,உபாசனை
TRUE,உருத்திராக்கம்
TRUE,உற்சவம்
FALSE,ஏகதேசம்
FALSE,ஓமம்
FALSE,கஷ்டம்
TRUE,கந்துகம்
FALSE,கருணை
FALSE,கலியாணம்
FALSE,காரியஸ்தன்
TRUE,கிரகித்தல்
FALSE,கிருஷி
FALSE,குலசம்
TRUE,கும்பாபிஷேகம்
FALSE,கேலி
FALSE,சகடு
FALSE,சகோதரன்
TRUE,சங்கதி
TRUE,சஞ்சலம்
TRUE,சத்தியம்
TRUE,சந்திரன்
TRUE,சந்நியாசம்
TRUE,சமத்துவம்
FALSE,சமாதி
FALSE,சம்ஸாரம்
TRUE,சம்பூரணம்
FALSE,சரம்
FALSE,சலசாட்சி
TRUE,சாக்கிரதை
FALSE,சாதனம்
TRUE,சாந்தம்
FALSE,சாயை
FALSE,சிகரம்
FALSE,சிசுருஷை
FALSE,சிநேகிதம்
FALSE,சிரேஷ்டம்
FALSE,சீதளம்
FALSE,சுகம்
FALSE,சுரஸம்
FALSE,சூசிகை
FALSE,சேஷ்டன்
FALSE,சொஸ்தம்
FALSE,சோமவாரம்
FALSE,ஞாபகம்
TRUE,தத்தம்
FALSE,தவசு
FALSE,தராசு
FALSE,தருணம்
FALSE,ஸ்தாநம்
FALSE,தாமம்
FALSE,தியாகம்
TRUE,திருத்தி
TRUE,தீர்க்கதரிசி
FALSE,ஸ்துதி
TRUE,தூரதிருஷ்டிக்கண்ணாடி
TRUE,தெய்வபக்தி
FALSE,நகுலம்
TRUE,நந்தனவனம்
FALSE,நாதம்
TRUE,நிச்சயம்
TRUE,நிபந்தனை
FALSE,நியமனம்
TRUE,நிர்ப்பந்தம்
FALSE,பகவான்
TRUE,பட்சணம்
FALSE,பதி
TRUE,பந்தம்
TRUE,பரிசுத்தம்
FALSE,பலி
FALSE,பாஷியம்
FALSE,பாபி
FALSE,பிசாசு
FALSE,பிரகாசம்
TRUE,பிரசித்தி
FALSE,பிரதேசம்
FALSE,பிரமா
FALSE,பிரயாசை
FALSE,பிராகாமியம்
TRUE,பிரேரேபித்தல்
TRUE,புட்பவதி
FALSE,புருடன்
FALSE,பூதம்
FALSE,போகம்
FALSE,பூரணை
FALSE,மதம்
TRUE,மநோராச்சியம்
TRUE,மாதாந்தம்
FALSE,மிசிரம்
TRUE,முத்திரை
FALSE,மோகம்
TRUE,யாத்திரை
FALSE,யோசனை
TRUE,வக்கிரம்
FALSE,வர்ணம்
FALSE,வயசு
TRUE,வர்க்கம்
FALSE,வாசனை
FALSE,வாமம்
FALSE,விஜயம்
TRUE,விச்சை
FALSE,விதம்
TRUE,விந்தை
FALSE,வியாபாரம்
FALSE,விவசாயம்
FALSE,வேதனம்
FALSE,யானெனல்
FALSE,வையம்
FALSE,அனல்
TRUE,நேரமின்மை
TRUE,துப்புரவின்மை
TRUE,நூற்கூறுபாடு
FALSE,மாலை
TRUE,அளவின்மை
FALSE,உதவி
TRUE,துணை மருந்து
FALSE,நிலைமை
FALSE,வேறு
FALSE,நூலறிவு
TRUE,புதுப்புனலாட்டு
FALSE,அருமை
FALSE,காலம்
TRUE,விருப்பு
TRUE,உரிமைப்படுத்தல்
TRUE,பிறப்பு
TRUE,ஊட்டுப்புரை
FALSE,நேர் வருகை
TRUE,விருப்பம்
TRUE,எதிர்மொழி
TRUE,மேன்மை
FALSE,ஊறுபாடு
TRUE,ஆண்டு
FALSE,கோயில்
FALSE,முகமன்
TRUE,அன்பு
FALSE,காலன்
FALSE,குருதி
FALSE,திறை
FALSE,கையிறை
FALSE,அழிவு
FALSE,குறி
TRUE,உயர்வு
TRUE,தண்ணளி
TRUE,மதிப்பு
FALSE,கிளையாறு
TRUE,அசட்டை
FALSE,உலகம்
TRUE,உண்மை
TRUE,துன்பம்
TRUE,வன்மை
TRUE,கண்ணெச்சில்
TRUE,சிவப்பேறு
TRUE,நண்டு
FALSE,உடல்
TRUE,கோட்சாரம்
FALSE,செயல்
FALSE,கேடு
FALSE,மகள்
FALSE,குலமகள்
FALSE,ஆனீர்
FALSE,நயம்
TRUE,வல்லமை
FALSE,எண்
TRUE,நாற்பக்கம்
TRUE,எச்சம்
TRUE,மகிழ்ச்சி
FALSE,கழகம்
FALSE,அமைதி
TRUE,கூட்டம்
TRUE,ஈட்டல்
FALSE,நாமகள்
FALSE,தாமரை
TRUE,பிறப்பு
TRUE,எட்டுறுப்பு
FALSE,துறவி
FALSE,தலைவன்
TRUE,விரைவின்மை
TRUE,ஒப்பனை
FALSE,பேறு
TRUE,மகளுக்குக் கொடுக்கும் கொடை
FALSE,விரைவு
TRUE,பிழைப்பு
TRUE,தன்மை
TRUE,கொப்பூழ்
FALSE,வெயிலோன்
FALSE,தொழுதல்
TRUE,கோள்நூலார்
FALSE,பகல் வழியளவு
TRUE,காணிக்கை
TRUE,கம்பி
TRUE,இரக்கம்
FALSE,எளிமை
TRUE,இவ்வேளை
TRUE,அட்டி
FALSE,கண்
TRUE,கொடிமுந்திரி
TRUE,விளக்குத்தண்டு
FALSE,தீயவன்
TRUE,இகழ்ச்சி
FALSE,அனல்
TRUE,ஊக்கம்
FALSE,ஆறு
FALSE,புதுமை
TRUE,ஒழிப்பு
TRUE,தூக்கம்
TRUE,ஒழுங்கு
TRUE,வேரோடு கல்லல்
FALSE,அறம்
TRUE,சந்தை
FALSE,விரைதல்
TRUE,மருந்துணா
TRUE,தன்னுணர்வின்மை
TRUE,வலுக்குறைவு
TRUE,அன்பு
FALSE,உரிமை
TRUE,ஒப்பு
TRUE,மூதாட்கள் கடன்
FALSE,கடவுளுணா
TRUE,மேற்கோள்
FALSE,புகழ்
TRUE,அளக்கப்படும் பொருள்
TRUE,முயற்சி
TRUE,வேண்டுகோள்
TRUE,தடிப்பு
FALSE,மகள்
FALSE,அணிகலன்
TRUE,ஒவ்வாமை
FALSE,சோறு
FALSE,தலையணி
TRUE,மனவருத்தம்
FALSE,நினைவு
TRUE,இறைச்சி
FALSE,வேடன்
FALSE,முகில்
TRUE,இயற்கை
FALSE,தவநிலை
FALSE,புண்
FALSE,பொருள்
FALSE,வழிபாடு
FALSE,அருள்
FALSE,வாயுரை
TRUE,இசைக்கருவி
TRUE,அழகின்மை
TRUE,வியப்பு
FALSE,திருமால்
FALSE,புலவன்
FALSE,விரிவுரை
FALSE,முரண்
FALSE,மறவர்
TRUE,கொண்டாட்டம்
TRUE,அகம்பாவம்
TRUE,அக்கி
TRUE,அங்கவீனன்
FALSE,அசம்
TRUE,அஞ்ஞாதவாசம்
TRUE,அதிட்டம்
FALSE,அஸ்திபாரம்
FALSE,அநாதி
TRUE,அநுட்டித்தல்
FALSE,அநுமதி
TRUE,அந்தரங்கம்
TRUE,அபகரித்தல்
FALSE,அபாயம்
TRUE,அபிப்பிராயம்
TRUE,அப்பிராணி
TRUE,அயபஸ்பம்
FALSE,அருவம்
TRUE,அலட்சியம்
FALSE,அவமானம்
FALSE,ஆகாரம்
FALSE,ஆசாரம்
TRUE,ஆச்சரியம்
FALSE,ஆதாரம்
FALSE,ஆதுலம்
TRUE,ஆமோதித்தல்
FALSE,ஆரம்
FALSE,ஆவசியம்
FALSE,இடபம்
FALSE,இதரம்
FALSE,இரசவாதம்
FALSE,இராஜா
FALSE,இதயம்
TRUE,இலக்குமி
FALSE,இலாகிரி
FALSE,ஈடணம்
TRUE,உச்சி
FALSE,உதிரம்
FALSE,உபகாரம்
FALSE,உபாதி
TRUE,உருத்திராக்கம்
TRUE,உற்சவம்
FALSE,ஏகதேசம்
FALSE,ஔடதம்
TRUE,கஷ்டசாத்தியம்
FALSE,கந்மஷம்
FALSE,கருணை
FALSE,கலியாணம்
TRUE,காலக்கிரமம்
TRUE,கிரகித்தல்
FALSE,கிருஷ்ணபக்ஷம்
TRUE,குஞ்சரம்
TRUE,கும்பம்
TRUE,கைங்கரியம்
FALSE,சகலம்
FALSE,சகோதரி
TRUE,சங்கமம்
TRUE,சஞ்சிதம்
TRUE,சத்தியம்
TRUE,சந்திரன்
TRUE,சந்நியாசி
TRUE,சமத்துவம்
FALSE,சமாதி
FALSE,சம்ஸ்கிருதம்
TRUE,சம்மதம்
FALSE,சரம்
FALSE,சலம்
TRUE,சாக்கிரம்
FALSE,சாதனம்
TRUE,சாந்திரம்
FALSE,சாயுச்சியம்
TRUE,சிகிச்சை
TRUE,சிட்சை
FALSE,சிரஞ்சீவி
FALSE,சிரேஷ்டன்
FALSE,சீதோஷ்ணம்
FALSE,சுகாதாரம்
FALSE,சுரம்
FALSE,சூசிகை
FALSE,சேஷ்டன்
FALSE,சொஸ்தம்
FALSE,சோலி
FALSE,தகநம்
TRUE,தத்துவம்
FALSE,தபால்
FALSE,தராசு
FALSE,தருணம்
FALSE,ஸ்தாநம்
TRUE,தாம்பரபரணி
TRUE,தியானித்தல்
TRUE,திருத்தி
TRUE,தீர்க்கம்
FALSE,துரிதம்
FALSE,தூரம்
FALSE,தேவன்
TRUE,நடராஜமூர்த்தி
FALSE,நபர்
FALSE,நாதம்
TRUE,நிச்சயம்
FALSE,நிபுணர்
FALSE,நியமனம்
TRUE,நிர்ப்பந்தம்
FALSE,பகவான்
TRUE,பட்சம்
FALSE,பதிவிரதை
TRUE,பந்தி
TRUE,பரிசுத்தம்
FALSE,பலி
FALSE,பாஷியம்
FALSE,பாயுரு
TRUE,பிச்சை
FALSE,பிரகாசம்
TRUE,பிரசித்தி
TRUE,பிரத்தாபம்
FALSE,பிரமாணம்
FALSE,பிரயாசை
FALSE,பிராணவாயு
FALSE,பீசம்
TRUE,புண்ணிய திநம்
TRUE,புருடார்த்தம்
FALSE,பூதம்
FALSE,போகம்
FALSE,பௌவம்
FALSE,மது
TRUE,மந்தம்
FALSE,மாத்சரியம்
FALSE,மிதம்
FALSE,மூடர்
FALSE,மோகம்
FALSE,யுகம்
FALSE,யோசனை
FALSE,வசநம்
FALSE,வதநம்
FALSE,வயசு
FALSE,வருடம்
TRUE,வாஞ்சை
FALSE,வாயு
FALSE,விஜயம்
TRUE,வித்தை
FALSE,விதம்
FALSE,விநோதம்
FALSE,விரதம்
FALSE,விவசாயம்
FALSE,வேதனை
TRUE,தற்செயல்
FALSE,நிலம்
FALSE,எரி
TRUE,காலந்தவறு
TRUE,தூய்மையின்மை
TRUE,ஆட்சி
FALSE,மறைவு
TRUE,முடிவில்லது
TRUE,நன்மை
TRUE,கூட்டு மருந்து
TRUE,ஒழுங்கு
TRUE,வேற்றுமை
TRUE,ஒறுப்புக்கட்டணம்
TRUE,திருமுழுக்கு
FALSE,அரிய பொருள்
FALSE,எண்
FALSE,வைகறை
TRUE,ஒப்புவித்தல்
TRUE,இறங்குகை
FALSE,விண்
TRUE,இருக்கை
FALSE,அவா
FALSE,துணை
FALSE,தலைமை
TRUE,அருவருப்பு
FALSE,கருவி
FALSE,தழுவல்
TRUE,விருப்பம்
FALSE,அறம்
FALSE,மறலி
TRUE,செந்நீர்
FALSE,முனிவன்
FALSE,நிறை
TRUE,விலையின்மை
FALSE,அடையாளம்
TRUE,சிறப்பு
TRUE,ஈகைத்தன்மை
TRUE,ஏறக்குறைய
TRUE,பூணூற்சடங்கு
TRUE,விருப்பின்மை
TRUE,"வெள்ளி, பொன், செம்பு முதலியன"
TRUE,விருப்பப்படி
TRUE,தீங்கு
FALSE,கடுமை
TRUE,கூட்டம்
TRUE,நொடித்தான்மலை
TRUE,முழக்கம்
TRUE,யாக்கை
TRUE,பற்றுதல்
FALSE,வினை
FALSE,சிதைவு
TRUE,நங்கை
FALSE,சூலை
FALSE,கொடுமை
TRUE,நன்மை
FALSE,வலி
FALSE,ஐயம்
FALSE,ஓசை
TRUE,கால்வழி
FALSE,உவகை
TRUE,அரங்கம்
TRUE,இணக்கம்
FALSE,ஐயம்
FALSE,தேடல்
TRUE,அடைக்கலம்
TRUE,பல்கலைக்கழகம்
FALSE,காரி
TRUE,பயிற்சி
FALSE,திறமை
FALSE,அடிகள்
FALSE,ஒழிவு
TRUE,திருத்தம்
TRUE,ஆக்கம்
TRUE,மகட்கொடை
TRUE,ஒல்லை
TRUE,வாழ்நாள்
TRUE,இயற்கை
TRUE,தனதாக்குதல்
TRUE,வெய்யோன்
TRUE,வணங்கல்
TRUE,காலக்கணிதர்
TRUE,சுற்றம்
TRUE,காணிக்கை
TRUE,மின்செய்தி
TRUE,கண்ணோட்டம்
TRUE,நல்குரவு
FALSE,விடாய்
FALSE,மயல்
TRUE,பார்வை
FALSE,பெண்
TRUE,கலங்கரை விளக்கம்
TRUE,பட்டி
FALSE,பழி
TRUE,கடவுட் பற்று
TRUE,எண்ணெய்
FALSE,யாறு
TRUE,பாம்பு
TRUE,உண்மை
FALSE,துயில்
TRUE,பிறழா நிகழ்ச்சி
TRUE,கொண்டு நடத்தல்
TRUE,முறைமன்றம்
TRUE,அங்காடி
TRUE,அஞ்சல்
TRUE,செய்யுள்
TRUE,ஆண்டகை
FALSE,பழம்
FALSE,மொழி
FALSE,ஏனம்
TRUE,எண்ணம்
TRUE,தென்புலத்தார் கடன்
FALSE,தேவுணா
TRUE,நிலைபெறுத்தல்
FALSE,பெருமை
TRUE,மயக்கம்
TRUE,அழிவுக்காலம்
TRUE,அன்பு
FALSE,பூ
TRUE,தோள்வலி
FALSE,அணி
TRUE,வேற்றுமை
FALSE,உணவு
FALSE,முடி
FALSE,இடையறா நினைவு
TRUE,உணர்ச்சி
FALSE,ஊன்
TRUE,கயற்கண்ணி
FALSE,எழிலி
FALSE,மிகுதி
TRUE,ஒன்றுதல்
TRUE,மெய்ப்பித்தல்
FALSE,நிறம்
TRUE,வணக்கவுரை
FALSE,இனம்
FALSE,சொல்
TRUE,குரங்கு
FALSE,நேயம்
FALSE,புதுமை
FALSE,திருமால்
FALSE,ஒலிமுதல்
TRUE,கட்டுரை
FALSE,மாறுபாடு
FALSE,மறம்
TRUE,நிகழ்ச்சி
TRUE,அகம்பாவம்
TRUE,அக்கி
TRUE,அங்கவீனன்
FALSE,அசல்
TRUE,அஞ்ஞானம்
TRUE,அதிட்டம்
FALSE,அஸ்திபாரம்
FALSE,அநாதி
FALSE,அநுதினம்
FALSE,அநுமதி
TRUE,அந்தரங்கம்
TRUE,அபகரித்தல்
FALSE,அபாயம்
TRUE,அபிப்பிராயம்
TRUE,அப்பிராணி
TRUE,அயோக்கிதை
TRUE,அர்ச்சனை
FALSE,அலுவா
FALSE,அவயவம்
FALSE,ஆகாரம்
FALSE,ஆசாரம்
FALSE,ஆஸ்தி
FALSE,ஆதாரம்
TRUE,ஆத்திரம்
TRUE,ஆயத்தம்
TRUE,ஆரம்பம்
FALSE,ஆவலாதி
FALSE,இடபம்
FALSE,இதாதீதம்
FALSE,இரசாபாசம்
FALSE,இராஜா
FALSE,இதயம்
TRUE,இலக்குமி
FALSE,இலாகிரி
FALSE,ஈநம்
TRUE,உச்சி
FALSE,உதிரம்
FALSE,உபகாரம்
FALSE,உபாதி
TRUE,உரூபித்தல்
TRUE,ஊகித்தல்
FALSE,ஏகதேசம்
FALSE,ஔபாசனம்
FALSE,கணபதி
FALSE,கந்மஷம்
TRUE,கருத்தா
FALSE,கவி
TRUE,காலச்சேபம்
TRUE,கிரகித்தல்
FALSE,கிருபை
FALSE,குஷ்டம்
FALSE,குருபக்தி
TRUE,கைங்கரியம்
FALSE,சகலர்
FALSE,சகோதரி
TRUE,சங்கமம்
TRUE,சஞ்சிதம்
TRUE,சத்திரம்
TRUE,சந்திரன்
FALSE,சபதம்
FALSE,சமயம்
FALSE,சமாதி
TRUE,சம்பத்து
TRUE,சம்மதம்
FALSE,சரவணம்
FALSE,ஜலம்
FALSE,சாகை
FALSE,சாதனம்
TRUE,சாந்திரம்
FALSE,சாரதி
TRUE,சிகிச்சை
TRUE,சிட்சை
TRUE,சிரத்தை
FALSE,சிரேஷ்டன்
TRUE,சீமந்தம்
TRUE,சுகிர்தம்
FALSE,சுரம்
FALSE,சூசிகை
FALSE,சேஷ்டை
TRUE,சொப்பனம்
FALSE,சோலி
FALSE,தகநம்
TRUE,தத்துவம்
FALSE,தமரகம்
FALSE,திராசு
FALSE,தருமம்
FALSE,தாபரம்
TRUE,தாரதம்மியம்
TRUE,தியானித்தல்
TRUE,திருத்தி
TRUE,தீர்த்தம்
FALSE,துரியம்
FALSE,தூரம்
FALSE,தேவன்
TRUE,நடராஜமூர்த்தி
FALSE,நமஸ்காரம்
FALSE,நாதன்
TRUE,நிச்சயம்
FALSE,நிபுணர்
TRUE,நியமித்தல்
TRUE,நிர்ப்பந்தம்
FALSE,பகிஷ்காரம்
TRUE,பட்சம்
FALSE,பதுமாவதி
TRUE,பந்தி
TRUE,பரிசுத்தம்
FALSE,பலி
FALSE,பாஷியம்
FALSE,பாரம்
TRUE,பிச்சை
FALSE,பிரகாசம்
FALSE,பிரசுரம்
TRUE,பிரத்தாபம்
FALSE,பிரமாணம்
FALSE,பிரயாணம்
FALSE,பிராணவாயு
FALSE,பீசம்
TRUE,புண்ணிய பாவம்
FALSE,புரோகிதன்
FALSE,பூமி
FALSE,போகம்
TRUE,மகத்துவம்
FALSE,மது
TRUE,மந்தம்
FALSE,மாத்சரியம்
FALSE,மிதம்
FALSE,மூடிகம்
FALSE,மோகம்
TRUE,யுத்தகளம்
FALSE,யோசனை
TRUE,வசந்தம்
TRUE,வதந்தி
FALSE,வயது
FALSE,வருணம்
TRUE,வாஞ்சை
FALSE,வாயு
FALSE,விசாரணை
TRUE,விஞ்ஞாபனம்
FALSE,விதி
TRUE,விபத்து
FALSE,விரதம்
FALSE,விவரணம்
TRUE,வேதாந்தம்
FALSE,திடீரெனல்
FALSE,அறியொணாதது
FALSE,தழல்
TRUE,சோம்பல்
TRUE,நன்மையல்லாதது
FALSE,தலைவன்
FALSE,அடைவு
TRUE,பயனின்மை
FALSE,துணை
TRUE,பழக்கம்
FALSE,நிலை
FALSE,பிறிது
TRUE,குற்றம்
TRUE,புதுப்புனலாட்டு
FALSE,அவா
TRUE,பங்கு
FALSE,விடியல்
FALSE,அழகு
TRUE,துன்பம்
FALSE,வெளி
FALSE,அணை
TRUE,பற்று
FALSE,உதவி
FALSE,மேலீடு
FALSE,பொய்
TRUE,படைக்கலம்
TRUE,சூழ்ச்சி
FALSE,அவா
FALSE,இனிமை
FALSE,மறைபொருள்
FALSE,மாமணி
FALSE,தவசி
FALSE,தொடர்
TRUE,உப்பு
TRUE,பாகுமருந்து
TRUE,மேன்மை
TRUE,வள்ளன்மை
TRUE,உயர்ச்சி
TRUE,வழிநடத்துதல்
TRUE,வெறுப்பு
FALSE,ஈயாமை
FALSE,இளமை
FALSE,காரணம்
TRUE,வருத்தம்
TRUE,மணப்பொருட்கூட்டு
TRUE,சிவப்பேறு
FALSE,அகநாழிகை
FALSE,வான்
FALSE,பிடித்தல்
TRUE,சடங்கு
FALSE,இசை
FALSE,மணமாகாப் பெண்
TRUE,வயிற்றுவலி
TRUE,அச்சம்
FALSE,மலிவு
TRUE,நெருக்கம்
TRUE,அச்சம்
FALSE,ஒலி
FALSE,சமயம்
TRUE,களிப்பு
TRUE,நன்றாகச் செய்யப்பட்டது
FALSE,தணிவு
TRUE,கூட்டம்
TRUE,தொகுத்தல்
TRUE,வணக்கம்
FALSE,இறையிலி
TRUE,நன்னெறி
TRUE,பிறந்தநாட் குறிப்பு
TRUE,வன்மை
FALSE,கடவுள்
TRUE,ஓய்வு
FALSE,அழகு
FALSE,ஓவியம்
TRUE,மகளுக்குக் கொடுக்கும் கொடை
FALSE,கடிது
TRUE,பிழைப்பு
TRUE,இயல்பு
TRUE,வெண்மை
FALSE,வேல்
TRUE,படைத்தலைவன்
TRUE,குறிப்பாளர்
FALSE,அறிவு
TRUE,ஒறுப்பு
TRUE,ஆண்யானை
TRUE,அன்பு
FALSE,மிடி
TRUE,நீர்வேட்கை
TRUE,தாழ்த்தல்
TRUE,கண்ணேறு
FALSE,பெண்
TRUE,ஒளியால்வழிபடுகை
TRUE,வம்பன்
TRUE,பழிச்சொல்
TRUE,கடவுளிடத்தன்பு
FALSE,மெய்
FALSE,இடையர்
FALSE,அழிவு
FALSE,மெய்
TRUE,உறக்கம்
FALSE,ஒழுங்கு
TRUE,பொருப்பு
FALSE,புதுமை
FALSE,ஆ
FALSE,சொல்
FALSE,இலை
FALSE,பகடி
FALSE,வலிவு
TRUE,நஞ்சு
FALSE,கலம்
TRUE,நினைப்பு
FALSE,வில்
TRUE,படைப்பு
TRUE,கோயில் கொள்ளுவித்தல்
TRUE,பெருந்தகை
FALSE,அறியாமை
TRUE,உலக ஒடுக்கம்
TRUE,விருப்பம்
FALSE,மலர்
TRUE,தோள்வலி
TRUE,இன்மை
FALSE,வேறுபாடு
TRUE,இயற்கைப் பொருள் நூல்
FALSE,சுடுகாடு
FALSE,முழுமனது
FALSE,நினைவு
FALSE,புலால்
FALSE,முகமன்
FALSE,வான்
TRUE,முயற்சி
TRUE,மனவொருக்கம்
TRUE,பூப்பு நீராட்டு
FALSE,எழில்
TRUE,கால்வழி
TRUE,வகுப்பு
FALSE,மொழி
TRUE,வாயாலெடுப்பு
TRUE,நட்பு
TRUE,நம்பிக்கை
TRUE,அழிவழக்கு
TRUE,வணக்கம்
TRUE,வழக்கு
FALSE,முகவரி
FALSE,பரிசு
TRUE,வெறுப்பு
FALSE,அகராதி
TRUE,அக்கிரகாரம்
TRUE,அங்கீகரணம்
FALSE,அசல்
TRUE,அஞ்ஞானம்
FALSE,அதிதி
TRUE,அத்தியட்சன்
FALSE,அநாதி
TRUE,அநுபந்தம்
FALSE,அநுமதி
TRUE,அந்தரங்கம்
TRUE,அபகரித்தல்
FALSE,அபாயம்
TRUE,அபிப்பிராயம்
TRUE,அப்பு
TRUE,அயோக்கிதை
TRUE,அர்ச்சனை
FALSE,அவகாசம்
FALSE,அற்பம்
FALSE,ஆகுலம்
FALSE,ஆசாரம்
FALSE,ஆஸ்தி
FALSE,ஆதி
TRUE,ஆத்திரம்
TRUE,ஆயத்தம்
TRUE,ஆரம்பம்
FALSE,ஆவலாதி
TRUE,இடம்பம்
TRUE,இந்திரியங்கள்
FALSE,இரசாபாசம்
FALSE,இராஜதானி
FALSE,இதயம்
TRUE,இலக்குமி
FALSE,இலாடம்
FALSE,ஈநம்
FALSE,உஷ்ணம்
TRUE,உத்தமம்
FALSE,உபகாரம்
TRUE,உபாத்தியாயன்
TRUE,உரொக்கம்
TRUE,ஊகித்தல்
FALSE,ஏகம்
FALSE,ஔபாசனம்
FALSE,கணிதம்
FALSE,கந்நிகை
TRUE,கருத்தா
FALSE,கவி
TRUE,காலச்சேபம்
TRUE,கிரகித்தல்
FALSE,கிருபை
FALSE,குஷ்டம்
FALSE,குருபக்தி
FALSE,கோஷ்டம்
FALSE,சகவாசம்
FALSE,சகோதரி
TRUE,சங்கமம்
FALSE,சடுதி
TRUE,சத்திரம்
TRUE,சந்திரன்
FALSE,சபதம்
FALSE,சமயம்
FALSE,சமாநம்
TRUE,சம்பந்தம்
FALSE,சம்ரக்ஷணை
FALSE,சரவணம்
FALSE,சலதோஷம்
FALSE,சாகை
FALSE,சாதனம்
FALSE,சாபம்
FALSE,சாராம்சம்
TRUE,சிகித்சை
TRUE,சிட்சை
TRUE,சிரத்தை
TRUE,சிலாகித்தல்
TRUE,சீமந்த புத்திரன்
TRUE,சுக்கிரவாரம்
FALSE,சுருதி
FALSE,சூதகம்
FALSE,சேஷ்டை
FALSE,சோதரன்
FALSE,சௌகரியம்
TRUE,தக்கணம்
TRUE,தத்துவம்
FALSE,தமாஷ்
FALSE,திராசு
FALSE,தலம்
FALSE,தாபரம்
TRUE,தாற்பரியம்
FALSE,திரம்
TRUE,திருப்தி
TRUE,தீர்த்தம்
FALSE,துரியாதீதம்
FALSE,தூரம்
FALSE,தேவஸ்தானம்
FALSE,நடராஜன்
FALSE,நயம்
FALSE,நாநாவிதம்
FALSE,நிஷ்டூரம்
FALSE,நிமிஷம்
TRUE,நியமித்தல்
TRUE,நிர்ப்பந்தம்
TRUE,பகிரங்கம்
TRUE,பட்சி
FALSE,பத்மாசநி
TRUE,பயங்கரம்
FALSE,பரிதாபம்
TRUE,பலித்தல்
FALSE,பாணி
FALSE,பாரம்
TRUE,பிட்சை
FALSE,பிரகிருதி
TRUE,பிரதட்சிணம்
TRUE,பிரத்தியக்ஷம்
FALSE,பிரமாணம்
FALSE,பிரயாணம்
FALSE,பிராணவாயு
FALSE,பீடம்
TRUE,புண்ணிய பாவம்
FALSE,புவனி
FALSE,பூமி
FALSE,போசனம்
FALSE,மகாராசன்
FALSE,மதுகரம்
TRUE,மந்தாரம்
FALSE,மாற்சரியம்
TRUE,மித்திரன்
FALSE,மூஷிகம்
TRUE,மோட்சம்
TRUE,யுத்தகளம்
FALSE,ரசம்
TRUE,வசந்தம்
TRUE,வதந்தி
FALSE,வயது
FALSE,வருணம்
FALSE,வாதம்
FALSE,வாரம்
FALSE,விசாரணை
TRUE,விஞ்ஞாபனம்
FALSE,விதி
TRUE,விபத்து
TRUE,விருச்சிகம்
FALSE,விவாகம்
FALSE,வேதாரண்யம்
TRUE,தற்செயல்
TRUE,சினக்குறிப்பு
TRUE,எரியோம்பல்
FALSE,மடி
FALSE,தீமை
TRUE,முதல்வன்
FALSE,கை
FALSE,கேடு
TRUE,அருளிரக்கம்
TRUE,வழக்கம்
FALSE,அழகு
TRUE,நெருக்கம்
FALSE,பிழை
TRUE,உள்ளக்குறிகாட்டல்
TRUE,விருப்பம்
FALSE,குவியல்
FALSE,கதிரோன் வருகை
TRUE,ஒப்பனை
FALSE,நிலை
FALSE,வான்
FALSE,எருவாய்
TRUE,வேட்கை
TRUE,சார்பு
FALSE,அடிமுதல்
FALSE,சிதைவு
FALSE,படை
TRUE,சூழ்தல்
FALSE,விழைவு
TRUE,நன்மை
FALSE,மறை
TRUE,செம்மணி
FALSE,துறவி
FALSE,கடிவாளம்
FALSE,உலகியல்
FALSE,இளகம்
FALSE,தகுதி
TRUE,தண்ணளி
TRUE,மேன்மை
TRUE,மூக்குக்கண்ணாடி
TRUE,உயிர்ப்பொருள்
TRUE,இவறன்மை
FALSE,அழகு
TRUE,பன்றி
FALSE,கொடுமை
FALSE,பொன்
TRUE,நொடித்தான்மலை
FALSE,திருஉள் நாழிகை
TRUE,செய்பவன்
FALSE,வீடு
FALSE,முடி
TRUE,இசைப்பாட்டு
TRUE,புதல்வி
FALSE,பூசுணி
TRUE,இயற்கை
FALSE,பயன்
TRUE,துன்பம்
TRUE,கூச்சம்
FALSE,சொல்
TRUE,அற்றம்
FALSE,திருமுன்
FALSE,வடமொழி
TRUE,உடன்பாடு
FALSE,ஐயம்
TRUE,தொன்றுதொட்ட வழக்கு
FALSE,கால்
FALSE,எப்பொருட்கும் இறைவன்
FALSE,பரிசு
FALSE,உதவி
FALSE,கலை
FALSE,தலைவன்
TRUE,உன்னிப்பு
FALSE,வாய்
FALSE,படம்
TRUE,மகட்கொடை
TRUE,மாணாக்கன்
TRUE,வாழ்க்கை
TRUE,தாய்மொழி
TRUE,உறக்கம்
FALSE,பாழ்
TRUE,சேனைத்தலைவன்
FALSE,செவி
TRUE,கல்வி
FALSE,ஆணை
TRUE,சூழ்ச்சி
TRUE,இரக்கம்
FALSE,இன்மை
FALSE,அடியான்
TRUE,அட்டி
TRUE,காத்தல்
TRUE,சான்று
FALSE,கரை
TRUE,வணக்கம்
TRUE,ஒற்றர்
TRUE,தெய்வநேயம்
TRUE,குற்றம்
TRUE,பூந்தோட்டம்
FALSE,கேடு
FALSE,இரவு
TRUE,கண்படை
FALSE,முறை
TRUE,உடையின்மை
FALSE,கண்
FALSE,உயிர்
FALSE,விலை
FALSE,ஆவணம்
FALSE,ஏளனம்
FALSE,பயன்
FALSE,அகலவுரை
FALSE,தகுதி
FALSE,பகலோன்
FALSE,சிதைவு
FALSE,அருள்
FALSE,நாடோறும்
TRUE,பெருஞ் செல்வன்
FALSE,பெருவிழா
TRUE,வெள்ளம்
TRUE,அன்பு
FALSE,பூ
TRUE,பழங்கதை
FALSE,அருமை
TRUE,பித்து
FALSE,பேரன்
FALSE,சுடுகாடு
TRUE,உள்ளக்கவர்ச்சி
TRUE,உணர்ச்சி
FALSE,வழி
TRUE,முழுத்தம்
FALSE,ஆடு
TRUE,வேள்வி
TRUE,நல்வினை
FALSE,வடிவு
FALSE,அழகு
TRUE,பரம்பரை
TRUE,ஒழுங்கு
FALSE,உறுதிமொழி
TRUE,கக்கல்
TRUE,விழுக்காடு
TRUE,உண்மை
TRUE,கைம்பெண்
FALSE,அறிவு
TRUE,தலைக்கீடு
TRUE,வாய்பாடு
FALSE,கொடை
TRUE,அகற்பிதம்
TRUE,அக்கிரமம்
TRUE,அங்கீகரணம்
TRUE,அசாக்கிரதை
TRUE,அஞ்ஞானம்
FALSE,அதிதி
TRUE,அத்தியட்சன்
FALSE,அநாதை
TRUE,அநுபந்தம்
FALSE,அநுமதி
TRUE,அந்தரங்கம்
FALSE,அபகாரம்
FALSE,அபாயம்
TRUE,அபிப்பிராயம்
FALSE,அமரபக்ஷம்
TRUE,அரம்பை
TRUE,அர்ச்சனை
FALSE,அவகாசம்
TRUE,அற்பம்
FALSE,ஆகுலம்
FALSE,ஆசாரம்
FALSE,ஆஸ்திகன்
FALSE,ஆதி
TRUE,ஆத்துமா
FALSE,ஆயாஸம்
FALSE,ஆராதனை
FALSE,ஆவேசம்
TRUE,இடம்பம்
FALSE,இமிசை
FALSE,இரசிகன்
FALSE,இராசதம்
FALSE,இருது
TRUE,இலஞ்சம்
FALSE,இலாபம்
FALSE,ஈநம்
FALSE,உஷ்ணம்
TRUE,உத்தமம்
FALSE,உபதேசம்
TRUE,உபாத்தியாயன்
TRUE,உரொக்கம்
FALSE,ஊநம்
FALSE,ஏகம்
FALSE,ஔபாசனம்
TRUE,கண்டம்
FALSE,கபம்
TRUE,கருத்தா
FALSE,கவி
FALSE,காளம்
TRUE,கிரந்தம்
FALSE,கிருமி
FALSE,குணம்
FALSE,குரூபி
FALSE,கோஷ்டம்
FALSE,சகவாசம்
TRUE,சக்கரம்
TRUE,சங்கமம்
FALSE,சடிதி
TRUE,சத்திரம்
TRUE,சந்து
FALSE,சபம்
FALSE,சமயம்
FALSE,சமாநம்
TRUE,சம்பந்தம்
FALSE,சயநம்
FALSE,சரிதம்
FALSE,சலநம்
FALSE,சாசனம்
FALSE,சாதனம்
FALSE,சாபம்
FALSE,சாரீரம்
TRUE,சிகித்சை
FALSE,சிக்ஷை
TRUE,சிரத்தை
TRUE,சிலாக்கியம்
TRUE,சீமந்தினி
TRUE,சுக்கிலபக்ஷம்
FALSE,சுலபம்
FALSE,சூரணம்
FALSE,சேஷ்டை
FALSE,சோதனை
FALSE,சௌகரியம்
TRUE,தக்கணம்
FALSE,தநம்
FALSE,தமாஷ்
FALSE,தரிசனம்
FALSE,தலம்
FALSE,தாபரம்
FALSE,தானம்
FALSE,திரம்
TRUE,திருப்தி
TRUE,தீவாந்தரம்
FALSE,துரோகம்
FALSE,தூலம்
FALSE,தேவஸ்தானம்
FALSE,நடராஜன்
FALSE,நயனம்
FALSE,நாபிதன்
FALSE,நிதரிசனம்
FALSE,நிமிஷம்
FALSE,நியாயம்
TRUE,நிவர்த்தி
TRUE,பக்குவம்
TRUE,பட்சி
TRUE,பத்தர்
TRUE,பயங்கரம்
FALSE,பரிமாணம்
TRUE,பலித்தல்
FALSE,பாதகம்
FALSE,பாரம்
TRUE,பிட்சை
FALSE,பிரகிருதி
FALSE,பிரணவம்
TRUE,பிரத்தியக்ஷம்
FALSE,பிரமாணம்
FALSE,பிரயாணம்
FALSE,பிராணி
FALSE,பீடம்
FALSE,புதன்
FALSE,புவி
FALSE,பூரணம்
FALSE,போசனம்
FALSE,மகாராசன்
TRUE,மத்திபம்
TRUE,மந்தாரம்
FALSE,மாற்சரியம்
TRUE,மித்திரன்
TRUE,மூர்க்கன்
TRUE,மோட்சம்
TRUE,யுத்தி
FALSE,ரசா
TRUE,வசித்தல்
FALSE,வதுவை
FALSE,வயம்
FALSE,வருணனை
FALSE,வாதம்
FALSE,வாரம்
FALSE,விசாரம்
TRUE,விஞ்ஞாபனம்
FALSE,விதி
FALSE,விபரீதம்
TRUE,விருட்சம்
FALSE,விவாகம்
FALSE,வேதியர்
FALSE,திடீரெனல்
TRUE,நடுக்கம்
FALSE,தீ நாள்
FALSE,மலைவு
FALSE,தீயது
FALSE,புதுமை
FALSE,கை
FALSE,வேறுபாடு
FALSE,அருள்
TRUE,ஆட்சி
FALSE,முடிவு
TRUE,ஒற்றுமை
FALSE,குறைவு
TRUE,கைமெய்காட்டல்
TRUE,வேற்றுமையின்மை
TRUE,அம்மை
FALSE,பொருள்
FALSE,அணி
TRUE,துன்பம்
TRUE,விசும்பு
FALSE,மலவாய்
FALSE,விழைவு
TRUE,பற்றுக்கோடு
TRUE,ஒன்றும்விடாமல்
TRUE,அளவைப்போலி
FALSE,வாள்
TRUE,ஓர்வு
TRUE,வேட்கை
TRUE,அன்பு
TRUE,அற்றம்
TRUE,ஈர்வாள்
TRUE,நெஞ்சம்
TRUE,மென்மை
TRUE,உலகப்போக்கு
FALSE,மேலாடை
TRUE,ஒழுங்கு
TRUE,ஈகைத்தன்மை
TRUE,கொடுத்தல்
TRUE,சொற்பொழிவு
TRUE,பொன்மணி
TRUE,கடும்பற்றுள்ளம்
FALSE,இளமை
TRUE,ஒற்றுமை
FALSE,கொடுமை
TRUE,கிழங்கு
TRUE,கை தட்டுதல்
FALSE,சூலி
TRUE,அமைச்சன்
FALSE,கோள்
FALSE,பயிர்
FALSE,புகழ்
FALSE,மகள்
FALSE,கிணறு
TRUE,ஒற்றுமை
TRUE,பொறுத்தல்
FALSE,கேடு
TRUE,உண்மையறிவின்பம்
FALSE,ஏழு
FALSE,நேரம்
FALSE,திருமுன்
TRUE,வல்லவன்
TRUE,தக்க விடை
TRUE,கூட்டம்
TRUE,முன்னோர் நடை
FALSE,திருவடி
,தாமரை
FALSE,பலகணி
TRUE,காரியங்கைகூடல்
FALSE,நூல்
FALSE,அடிகள்
FALSE,தலை
TRUE,குழந்தை
TRUE,வன்கொலை
FALSE,திருவாளர்
TRUE,அழிவுக்காலம்
FALSE,நறுமணம்
TRUE,செழிப்பு
TRUE,நுண்மை
TRUE,இன்மை
FALSE,படை
TRUE,ஒளிர்தல்
TRUE,மெய்யுணர்வு
TRUE,கட்டளை
FALSE,நூல்
TRUE,கண்ணோட்டம்
FALSE,அளவை
FALSE,அடிமை
FALSE,மயல்
FALSE,நாள்
TRUE,எடுத்துக்காட்டு
TRUE,திண்ணியன்
TRUE,வழுத்துரை
FALSE,வேவுகாரர்
TRUE,கடவுட் பற்று
TRUE,குற்றம்
TRUE,பூங்கா
TRUE,மூக்கு
FALSE,உறுதி
TRUE,இகழ்ச்சி
FALSE,நெறி
TRUE,முண்டம்
FALSE,கடவுள்
TRUE,கண்ணோட்டம்
TRUE,சொற்பொருள்
TRUE,செய்தித்தாள்
FALSE,ஊறு
TRUE,வலுக்கட்டாயம்
FALSE,விரிவுரை
FALSE,உரிமை
TRUE,வலதுமூச்சு
FALSE,வேறுபாடு
TRUE,பரப்புதல்
TRUE,ஒவ்வொரு நாளும்
FALSE,தலைவன்
TRUE,முயற்சி
TRUE,இருமலக்கட்டினர்
TRUE,உருக்கம்
FALSE,மலர்
FALSE,பழைய வரலாறு
TRUE,முதற்பொருள்
FALSE,வெறி
TRUE,பேர்த்தி
FALSE,மீன்
FALSE,இனிமை
FALSE,விளைவு
FALSE,நெறி
TRUE,நல்வேளை
FALSE,அவா
TRUE,இரப்பு
FALSE,தகுதி
FALSE,உருவம்
FALSE,நிறம்
FALSE,தலைமுறை
FALSE,இனம்
TRUE,உறுதிச்சொல்
TRUE,கக்கற் கழிச்சல்
FALSE,உருவம்
TRUE,மேன்மை
FALSE,அறுதாலி
TRUE,பிள்ளையார்
FALSE,நோய்
TRUE,வழக்கு
FALSE,விரைவு
FALSE,அகாதன்
TRUE,அக்கிரமம்
TRUE,அங்கீகாரம்
TRUE,அசாக்கிரதை
FALSE,அட்சரம்
FALSE,அதோகதி
TRUE,அத்தியந்தம்
FALSE,அநியாயம்
TRUE,அநுபந்தம்
FALSE,அநுமதி
TRUE,அந்தரம்
FALSE,அபகாரம்
FALSE,அபாயகரம்
TRUE,அபிப்பிராயம்
FALSE,அமாவாசை
TRUE,அரம்பை
TRUE,அருச்சனை
FALSE,அவசரம்
TRUE,அற்பம்
FALSE,ஆக்ஞேயம்
FALSE,ஆசியம்
TRUE,ஆஸ்பத்திரி
FALSE,ஆதி
FALSE,ஆன்மா
FALSE,ஆயாஸம்
TRUE,ஆராதித்தல்
FALSE,ஆவேசம்
TRUE,இட்டம்
FALSE,இமிசை
TRUE,இரசித்தல்
FALSE,இராசி
FALSE,இருது
TRUE,இலஞ்சம்
FALSE,இலாபம்
TRUE,உக்கிரம்
FALSE,உதயம்
TRUE,உத்தமி
FALSE,உபதேசம்
TRUE,உபாத்தியாயன்
TRUE,உரொக்கம்
FALSE,ஊநம்
TRUE,ஏகாங்கி
FALSE,கங்கணம்
TRUE,கண்டம்
FALSE,கபோதி
TRUE,கருத்தா
FALSE,கவுளி
FALSE,காளம்
FALSE,கிரமம்
FALSE,கிருமி
FALSE,குதூகலம்
FALSE,குரூபி
FALSE,கோஷ்டம்
FALSE,சகவாசம்
TRUE,சக்கரம்
TRUE,சங்கற்பம்
FALSE,சஷ்டியப்தபூர்த்தி
TRUE,சத்திரம்
TRUE,சந்து
FALSE,ஜெபம்
FALSE,சமயோசிதம்
FALSE,சமாநம்
TRUE,சம்பந்தம்
FALSE,சயநம்
TRUE,சரித்திரம்
TRUE,சல்லாபம்
FALSE,சாசுவதம்
FALSE,சாதனம்
FALSE,சாபம்
FALSE,சாரீரம்
FALSE,சிகை
FALSE,சிக்ஷை
TRUE,சிரத்தை
TRUE,சிலாக்கியம்
FALSE,சீரணம்
TRUE,சுக்கிலம்
TRUE,சுவதந்திரம்
FALSE,சூரியன்
TRUE,சேத்திரம்
FALSE,சோதனை
TRUE,சௌக்கியம்
FALSE,தசாவதாரம்
FALSE,தநம்
FALSE,தம்பதி
FALSE,தரிசனம்
FALSE,தலம்
FALSE,தாவரம்
FALSE,தானம்
FALSE,ஸ்திரம்
TRUE,திருப்தி
TRUE,தீவாந்தரம்
FALSE,துரோகம்
FALSE,தேகம்
FALSE,தேவாதீனம்
TRUE,நட்சத்திரம்
FALSE,நரகம்
FALSE,நாவிதன்
FALSE,நிதானம்
TRUE,நிமித்தம்
FALSE,நியாயம்
TRUE,நிவர்த்தி
TRUE,பக்குவம்
TRUE,பட்டாபிஷேகம்
TRUE,பத்தர்
FALSE,பயம்
FALSE,பரிமிதம்
FALSE,பவனம்
FALSE,பாதம்
FALSE,பாரியா
TRUE,பிச்சைக்காரன்
TRUE,பிரக்கினை
FALSE,பிரதானம்
TRUE,பிரத்தியேகம்
FALSE,பிரமாணம்
FALSE,பிரயாணம்
FALSE,பிராணி
FALSE,பீடை
TRUE,புத்தி
TRUE,புனர்ப்பாகம்
FALSE,பூரணம்
FALSE,போசனம்
FALSE,மகா
TRUE,மத்திபம்
TRUE,மந்திரம்
TRUE,மாத்திரம்
TRUE,மித்துரு
TRUE,மூர்க்கன்
TRUE,மௌட்டியம்
TRUE,யுத்தி
FALSE,ரசா
TRUE,வசித்தல்
FALSE,வதுவை
FALSE,வயம்
TRUE,வர்த்தமானம்
FALSE,வாதம்
FALSE,வாராவதி
FALSE,விசாரம்
TRUE,விஞ்ஞானகலர்
FALSE,விதி
FALSE,விபரீதம்
TRUE,விருத்தன்
FALSE,விவாதம்
FALSE,வேதியர்
FALSE,வறியன்
TRUE,அல்லும் பகலும்
TRUE,உறுப்பு அசைவு
TRUE,உருவற்றது
FALSE,குதிரை
TRUE,வியப்பு
TRUE,எலும்பு
TRUE,எப்பொழுதும்
TRUE,பின்பற்றல்
TRUE,நுகர்ச்சி
FALSE,குருடு
TRUE,ஒருவர்க்கொருவர்
TRUE,பெரும்பொய்
TRUE,கூத்து
TRUE,வேறன்மை
FALSE,தாய்
FALSE,பாதி
FALSE,புனைவு
FALSE,நிலைமை
FALSE,வானம்
TRUE,அவாக்கட்டு
FALSE,புதுமை
TRUE,நிலைக்களன்
TRUE,முதலிலிருந்து கடைசிவரை
TRUE,அன்பு
FALSE,காடு
TRUE,எண்ணம்
FALSE,உளி
FALSE,அறம்
FALSE,சாறு
FALSE,இசை
TRUE,உள்ளம்
FALSE,எண்
TRUE,ஆட்சி
FALSE,தலைவன்
FALSE,தணிவு
TRUE,எடுத்துக்காட்டு
TRUE,உதவிப் பொருள்
FALSE,பயன்
FALSE,சுவை
TRUE,மகிழ்ச்சி
FALSE,அழகு
TRUE,செல்வம்
TRUE,துன்பம்
FALSE,மணம்
FALSE,கலுழன்
TRUE,செருக்கு
FALSE,செயலாளன்
TRUE,பற்றுதல்
FALSE,உழவு
FALSE,இசை
TRUE,குடமூக்கு
FALSE,கூவம்
TRUE,வண்டி
FALSE,குறி
TRUE,வருத்தம்
TRUE,கலக்கம்
TRUE,உண்மை
FALSE,காலை மாலை வழிபாடு
FALSE,துறவு
FALSE,திறமையாளன்
FALSE,அமைதி
TRUE,கூட்டம்
TRUE,பண்டைமுறை
FALSE,புகலடைதல்
TRUE,கடலிணைக்கால்
FALSE,கடல்
FALSE,சோறு
TRUE,அமைதித்தன்மை
TRUE,சிவனருகிருப்பு
FALSE,மலை
FALSE,மகவு
TRUE,நட்பு
TRUE,மறைத்திருவாளர்
TRUE,மழுக்கம்
FALSE,நலம்
TRUE,தான் விரும்பும் மணம்
FALSE,அணு
TRUE,இல் பொருள்
FALSE,மலை
TRUE,விளங்கல்
FALSE,அருளறிவு
TRUE,அப்படியேயாகட்டும்
FALSE,தவம்
TRUE,எண்ணெய்
FALSE,அளவை நூல்
TRUE,கண்ணோட்டம்
FALSE,கயிறு
TRUE,ஞான்று
TRUE,மேற்கோள்
TRUE,ஆண்டகை
TRUE,வணக்கம்
FALSE,புகை
TRUE,கடவுளிடத்தன்பு
TRUE,வாழ்த்து
TRUE,பூந்தோட்டம்
TRUE,தெய்வமில் கொள்கையாளன்
FALSE,மெய்
TRUE,பழிப்பு
TRUE,நாட்கடன்
TRUE,பற்றின்மை
FALSE,பெருமான்
TRUE,கழிவிரக்கம்
FALSE,பொருள்
TRUE,செய்தி இதழ்
TRUE,தூய்மை
TRUE,வலுக்கட்டாயம்
FALSE,பேருரை
FALSE,பருகுநீர்
FALSE,பேய்
TRUE,விளம்பரம்
TRUE,வெளிப்படை
FALSE,ஆணையாளர்
FALSE,மணமாகாதவன்
TRUE,முயற்சி
TRUE,கோயிற்சுற்று
FALSE,அவா
TRUE,வெள்ளைக்கல்
FALSE,பழமை
FALSE,முதல்
TRUE,கோட்டி
FALSE,முழுநிலா
TRUE,மேல்வயிறு
TRUE,மனக்கோட்டை
TRUE,திங்கள்
FALSE,மீகாமன்
TRUE,முதன்மை
TRUE,மயக்கம்
FALSE,இடையன்
FALSE,தகுதி
TRUE,பொறுத்தல்
FALSE,எழில்
TRUE,கால்வழி
TRUE,வகுப்பு
FALSE,சொல்
FALSE,அழகு
TRUE,பருப்பொருளுரு
TRUE,சிறப்பு
TRUE,கைம்பெண்
TRUE,பிள்ளையார் நோன்பு
FALSE,பிணி
TRUE,பயிர்த்தொழில்
FALSE,கோலம்
FALSE,அகாலமரணம்
TRUE,அக்கிராசனம்
TRUE,அக்கிராசனாதிபதி
TRUE,அங்கீகாரம்
TRUE,அசாக்கிரதை
TRUE,அசாத்தியம்
TRUE,அட்டகம்
FALSE,அதோகதி
TRUE,அத்தமனம்
TRUE,அத்தியந்தம்
FALSE,அநியாயம்
FALSE,அநிருதம்
FALSE,அநுபவம்
FALSE,அநுமானம்
FALSE,அநேகம்
TRUE,அந்தரம்
FALSE,அபகாரம்
TRUE,அபத்தம்
FALSE,அபாயகரம்
FALSE,அபிமானம்
FALSE,அபிமானம்
FALSE,அமாவாசை
TRUE,அரம்பை
TRUE,ரம்பை
TRUE,அருச்சனை
FALSE,அவசரம்
FALSE,அவசரம்
TRUE,அற்புதம்
TRUE,ஆசங்கை
TRUE,ஆங்காரம்
FALSE,ஆசியம்
FALSE,ஆக்கிராணம்
FALSE,ஆக்ஞை
FALSE,ஆதி
FALSE,ஆநந்தம்
TRUE,ஆந்திரதேசம்
FALSE,ஆயாஸம்
FALSE,ஆரியம்
FALSE,ஆரூடம்
FALSE,ஆவேசம்
TRUE,இட்டம்
FALSE,இஷ்டம்
TRUE,இயந்திரம்
TRUE,இரட்சித்தல்
TRUE,இரட்சித்தல்
TRUE,இராச்சியம்
FALSE,ருது
FALSE,இருதுமங்களஸ்நானம்
TRUE,இலட்சணம்
FALSE,இலாபம்
FALSE,இலாபநஷ்டம்
TRUE,உக்கிரம்
FALSE,உதயம்
FALSE,உதயம்
TRUE,உத்தரம்
TRUE,உபத்தம்
TRUE,உபத்திரவம்
TRUE,உபாத்தியாயினி
FALSE,உரோகம்
FALSE,உரோமம்
TRUE,ஊர்ச்சிதம்
TRUE,ஏகாங்கி
TRUE,ஏகாந்தம்
FALSE,கடகம்
TRUE,கண்டம்
TRUE,கண்டம்
FALSE,கமலம்
TRUE,கர்த்தா
TRUE,கர்த்தா
FALSE,கனம்
FALSE,கிஸ்தி
FALSE,கிடாரம்
FALSE,கிரமம்
FALSE,கிலம்
FALSE,கிலேசம்
FALSE,குதூகலம்
FALSE,குரூரம்
FALSE,குரூரம்
FALSE,கோஷம்
FALSE,சகவாசம்
FALSE,சகன்
FALSE,சகோரம்
TRUE,சங்காரம்
TRUE,சங்கிராந்தி
TRUE,சட்சு
TRUE,சத்துரு
TRUE,சத்துவம்
TRUE,சந்து
FALSE,சபா
FALSE,சபா
FALSE,சமயோசிதம்
FALSE,சமிக்ஞை
FALSE,சமீபம்
TRUE,சம்பந்தம்
FALSE,சயம்
FALSE,சயிலம்
FALSE,சரீரம்
FALSE,சவம்
FALSE,சனம்
FALSE,சாசுவதம்
FALSE,சாதாரணம்
FALSE,சாதி
TRUE,சாமர்த்தியம்
FALSE,சாரீரம்
FALSE,சாலோகம்
FALSE,சிகை
FALSE,சிக்ஷை
FALSE,சிருஷ்டி
FALSE,சிரம பரிகாரம்
TRUE,சிலேட்டுமம்
FALSE,சிவிகை
FALSE,சீரணம்
TRUE,சுக்கிலம்
FALSE,சுதேசம்
TRUE,சுவர்க்கம்
FALSE,சூரியன்
FALSE,சூரியன்
TRUE,சேத்திரம்
FALSE,சோதனை
FALSE,ஜோதி
TRUE,சௌக்கியம்
FALSE,தயை
FALSE,தசா
FALSE,தநம்
FALSE,தம்பம்
FALSE,தயவு
FALSE,தரிசனம்
FALSE,ஸ்தலம்
FALSE,ஸ்தலம்
FALSE,தாவரம்
FALSE,தானியம்
FALSE,திடம்
FALSE,ஸ்திரம்
FALSE,திரோபவம்
TRUE,திவ்வியம்
FALSE,தீவிரம்
FALSE,துவசம்
FALSE,துவாரம்
FALSE,தேகம்
FALSE,தேவி
FALSE,தேவி
TRUE,நட்சத்திரம்
FALSE,நரகம்
TRUE,நர்த்தனம்
FALSE,நாமம்
FALSE,நிதி
FALSE,நிதி
TRUE,நிமித்தம்
FALSE,நியாயம்
FALSE,நியாயாதிபதி
TRUE,நிவிர்த்தி
TRUE,பங்கஜம்
TRUE,பங்கம்
TRUE,பண்டிகை
TRUE,பத்தி
TRUE,பத்தி
FALSE,பரஸ்பரம்
TRUE,பரீட்சை
FALSE,பர்வதம்
TRUE,பாக்கியம்
FALSE,பாதம்
TRUE,பாதரட்சை
FALSE,பாரியை
TRUE,பிஞ்ஞகம்
FALSE,பிதா
TRUE,பிரசங்கம்
FALSE,பிரதானம்
FALSE,பிரதிகூலம்
TRUE,பிரபஞ்சம்
FALSE,பிரமாண்டம்
FALSE,பிரமானந்தம்
FALSE,பிரயோசனம்
FALSE,பிராது
TRUE,பிராப்தம்
FALSE,பீடை
TRUE,புத்தி
TRUE,புத்திரன்
TRUE,புனர்ப்பாகம்
TRUE,பூரித்தல்
TRUE,பூர்த்தி
FALSE,போசனம்
FALSE,மகா
FALSE,மகாத்மா
TRUE,மத்திமம்
TRUE,மந்திரி
TRUE,மரணபரியந்தம்
TRUE,மாத்திரை
TRUE,மித்துரு
TRUE,மிருதங்கம்
TRUE,மூர்ச்சை
FALSE,மௌனம்
FALSE,யசமானன்
FALSE,யுக்தி
FALSE,ரஜா
FALSE,ரசீது
FALSE,வசியம்
FALSE,வதூ
FALSE,வநம்
FALSE,வயிரம்
TRUE,வல்லபம்
TRUE,வல்லபம்
FALSE,வாதம்
TRUE,வார்த்தை
FALSE,விகடன்
FALSE,விசாலம்
FALSE,விடம்
FALSE,விடயம்
FALSE,விதி
FALSE,விபூதி
FALSE,விமோசநம்
TRUE,விருத்தன்
FALSE,விவேகம்
FALSE,வீதம்
TRUE,வைகுண்டம்
TRUE,யாருமற்றவன்
TRUE,செருக்கு
TRUE,வெல்லம்
TRUE,உறுப்பு
FALSE,அடையாளம்
FALSE,வானொலி
FALSE,மை
FALSE,மறைவு
TRUE,செல்வம்
TRUE,எலும்பு
TRUE,கடைக்கால்
TRUE,நெஞ்சம்
TRUE,கைக்கொள்ளல்
FALSE,நடைமுறை
TRUE,துய்ப்பு
FALSE,ஈறு
TRUE,எல்லை
TRUE,கவர்தல்
TRUE,பெரும்பழி
FALSE,பேரிடர்
TRUE,நோக்கம்
TRUE,பழக்கம்
FALSE,ஏழை
TRUE,இரும்புச் செந்தூள்
FALSE,பொருள்
TRUE,உருவின்மை
TRUE,பொருட்படுத்தாமை
TRUE,பழிச்சொல்
TRUE,புகழின்மை
TRUE,வானவூர்தி
TRUE,அன்பு
FALSE,ஆள்
TRUE,வியப்பு
TRUE,பற்றுக்கோடு
FALSE,களைகண்
FALSE,நெய்
TRUE,நட்பு
FALSE,வழிமொழிதல்
FALSE,பூமாலை
TRUE,ஆராய்ச்சி
TRUE,முதன்மை
FALSE,எருது
FALSE,வேறு
FALSE,அறிவு
FALSE,மிளகுநீர்
FALSE,பண்
FALSE,திரு
TRUE,அன்பு
FALSE,நூறாயிரம்
FALSE,நூறாயிரம்
TRUE,எல்லை
TRUE,ஆள்வோன்
TRUE,கடவுளுண்மை
TRUE,எழுத்தோசை
TRUE,சான்று
TRUE,தோன்றுதல்
TRUE,கருவிப் பொருள்
TRUE,பூஞ்சோலை
TRUE,வணக்கம்
FALSE,சிவமணி
TRUE,விளையாட்டு
FALSE,திருவிழா
FALSE,ஒருபால்
FALSE,திரு
TRUE,வேள்வி
TRUE,வருத்தம்
TRUE,நாற்றம்
TRUE,பந்து
FALSE,அருள்
FALSE,குடம்
FALSE,மணம்
FALSE,செயலாளன்
TRUE,பிடிப்பு
TRUE,பற்றுதல்
TRUE,பயிர் செய்கை
FALSE,கோழி
TRUE,நன்மை
TRUE,குடமுழுக்கு
FALSE,ஆமை
TRUE,இகழ்ச்சி
TRUE,வண்டி
TRUE,உடன் பிறந்தான்
TRUE,தம்பி
TRUE,செய்தி
FALSE,கவலை
FALSE,அசைவு
FALSE,ஆணை
TRUE,திங்கள்
FALSE,நிலவு
FALSE,துறவறம்
TRUE,வல்லவன்
TRUE,ஒத்த உரிமை
TRUE,பிணக்குழி
FALSE,கடல்
TRUE,குடும்பம்
FALSE,நிறைவு
TRUE,அடைக்கலம் புகுதல்
FALSE,மாலை
TRUE,தாமரைக்கண்ணி
TRUE,விழிப்பு
TRUE,எச்சரிக்கை
FALSE,கருவி
TRUE,அமைதித்தன்மை
FALSE,பொறுமை
FALSE,நிழல்
TRUE,உச்சி
FALSE,குவடு
FALSE,பணிவிடை
TRUE,கேண்மை
TRUE,கேண்மை
TRUE,சிறப்பு
TRUE,வயிற்றளைச்சல்
TRUE,குளிர்ச்சி
TRUE,இன்பம்
FALSE,தான் தேடிய பொருள்
TRUE,முறித்த சாறு
FALSE,ஊசி
TRUE,எச்சில்
FALSE,தமையன்
FALSE,நலம்
TRUE,திங்கள்
TRUE,திங்கட்கிழமை
FALSE,நினைவு
TRUE,தயிர்ச்சோறு
FALSE,ஈகை
FALSE,தவம்
FALSE,நிலம்
TRUE,துலாக்கோல்
FALSE,வேளை
FALSE,இடம்
FALSE,இடம்
FALSE,மாலை
FALSE,நாள்
FALSE,கொடை
FALSE,மனநிறைவு
FALSE,திறனாளன்
TRUE,மெய்க்காட்சியாளன்
TRUE,வழுத்துரை
FALSE,முடி ( கோயில் முதலியவற்றின் முடி )
TRUE,தொலை நோக்காடி
TRUE,தெய்வநேயம்
FALSE,வழுத்து
FALSE,கீரி
TRUE,பூங்கா
FALSE,ஒலி
TRUE,செம்பால்
FALSE,துணிவு
TRUE,கட்டுப்பாடு
TRUE,ஏற்பாடு
TRUE,கட்டளை
TRUE,மெய்ப்பித்தல்
TRUE,நெருக்கம்
FALSE,கடவுள்
TRUE,ஐம்பெருங்குற்றத்தான்
TRUE,தின்பண்டம்
FALSE,கடவுள்
FALSE,உறவு
FALSE,கட்டு
TRUE,துப்புரவு
FALSE,இரை
TRUE,வேள்வி
FALSE,அகலவுரை
FALSE,குடிநீர்
FALSE,தீயோன்
FALSE,அலகை
FALSE,பெரியநாயகி
FALSE,ஒளி
TRUE,அறிவிப்பு
TRUE,கைம்மாறு
FALSE,இடம்
TRUE,நான்முகன்
TRUE,வருத்தம்
TRUE,உழைப்பு
TRUE,நிறைவுண்மை
FALSE,மண்
TRUE,முன்மொழிதல்
TRUE,பூப்பானவள்
TRUE,தொன்மை
TRUE,கணவன்
FALSE,புலன்
TRUE,பொருட் களஞ்சியம்
TRUE,இன்பம்
FALSE,முழுநிலா
FALSE,தவளை
TRUE,கொள்கை
FALSE,வீண் எண்ணம்
FALSE,தாய்
TRUE,திங்களிறுதி
TRUE,கலப்பு
FALSE,வீடுபேறு
FALSE,பொறி
TRUE,பெருவேட்கை
TRUE,வழிச்செலவு
TRUE,ஊர்ப்பயணம்
FALSE,ஓர்வு
FALSE,பூணல்
FALSE,வளைவு
FALSE,அழகு
TRUE,பரம்பரை
TRUE,ஆண்டு
TRUE,ஒழுங்கு
FALSE,மணம்
FALSE,மணம்
TRUE,இடப்பக்கம்
FALSE,இடையூறு
TRUE,வெற்றி
FALSE,அறிவு
FALSE,அறுதாலி
FALSE,ஆறு
FALSE,புதுமை
FALSE,வாணிபம்
TRUE,பண்டமாற்று
FALSE,உழவுதொழில்
FALSE,கோலம்
FALSE,கூலி
TRUE,அகங்காரம்
FALSE,அகாலம்
TRUE,அக்கிராசனம்
TRUE,அக்கிராசனாதிபதி
TRUE,அங்குசம்
TRUE,அசாத்தியம்
FALSE,அசீரணம்
TRUE,அட்டகாசம்
TRUE,அத்தமனம்
TRUE,அத்தமனம்
TRUE,அத்தியாயம்
FALSE,அநியாயம்
FALSE,அநீதி
FALSE,அநுபவம்
FALSE,அநுமானம்
FALSE,அநேகம்
TRUE,அந்தரம்
FALSE,அபசயம்
TRUE,அபத்தம்
FALSE,அபாயகரம்
FALSE,அபிமானம்
FALSE,அபிவிருத்தி
FALSE,அமுது
TRUE,ரம்பை
TRUE,ரம்பை
TRUE,அருச்சனை
FALSE,அவசரம்
FALSE,அவசியம்
TRUE,அற்புதம்
FALSE,ஆசமனம்
TRUE,ஆங்காரம்
FALSE,ஆசியம்
FALSE,ஆக்ஞை
TRUE,ஆடம்பரம்
FALSE,ஆதி
TRUE,ஆநந்தபரவசம்
TRUE,ஆபத்து
FALSE,ஆயாஸம்
FALSE,ஆரியர்
FALSE,ஆரோகம்
FALSE,ஆவேசம்
FALSE,இஷ்டம்
FALSE,இஷ்டன்
TRUE,இயந்திரம்
TRUE,இரட்சித்தல்
TRUE,இரணவைத்தியம்
TRUE,இராச்சியம்
FALSE,ருது
TRUE,இருதுசாந்தி
TRUE,இலட்சணம்
FALSE,இலாபநஷ்டம்
FALSE,இலாயம்
TRUE,உக்கிரம்
FALSE,உதயம்
FALSE,உதயம்
TRUE,உத்தரவு
TRUE,உபத்திரவம்
TRUE,உபத்திரவம்
TRUE,உபாத்தியாயினி
FALSE,உரோகம்
FALSE,உரோமம்
TRUE,ஊர்ச்சிதம்
TRUE,ஏகாதிபத்தியம்
TRUE,ஏகாந்தம்
TRUE,கட்சி
TRUE,கண்டம்
TRUE,கண்டம்
TRUE,கம்பீரம்
TRUE,கர்த்தா
TRUE,கர்த்தா
FALSE,கனம்
TRUE,கிஞ்சுகம்
FALSE,கியாதி
FALSE,கிரயம்
FALSE,கிலேசம்
FALSE,கிலேசம்
FALSE,குபேரன்
FALSE,குரூரம்
FALSE,குரூரம்
FALSE,கோஷ்டி
FALSE,சகவாசம்
FALSE,சகன்
TRUE,சக்கரதரன்
TRUE,சங்கிராந்தி
TRUE,சங்கீதம்
TRUE,சண்டித்தனம்
TRUE,சத்துவம்
TRUE,சந்ததம்
TRUE,சந்து
FALSE,சபா
FALSE,சபா
FALSE,சமரசம்
FALSE,சமீபம்
FALSE,சமீபம்
TRUE,சம்பந்தம்
FALSE,ஜெயம்
FALSE,சரசம்
FALSE,சரீரம்
FALSE,சனம்
FALSE,ஜனம்
FALSE,சாசுவதம்
FALSE,சாதி
FALSE,சாதி
TRUE,சாமர்த்தியம்
FALSE,சாரூபம்
FALSE,சாவகாசம்
TRUE,சிங்கம்
TRUE,சிருட்டி
TRUE,சித்தம்
FALSE,சிரமம்
TRUE,சிலேட்டுமம்
TRUE,சிற்பம்
TRUE,சீர்ணோத்தாரணம்
TRUE,சுதந்திரம்
TRUE,சுத்தம்
TRUE,சுவர்க்கம்
FALSE,சூரியன்
FALSE,சூரியன்
FALSE,சேமம்
FALSE,சோதி
FALSE,சோதிடர்
FALSE,சௌஜன்யம்
FALSE,தயை
FALSE,தசா
FALSE,தனம்
FALSE,ஸ்தம்பம்
FALSE,தயவு
TRUE,தரித்தல்
FALSE,ஸ்தலம்
TRUE,தலயாத்திரை
FALSE,தாவரம்
FALSE,திடம்
TRUE,திட்டி
FALSE,திரயம்
FALSE,திலகம்
TRUE,திவ்வியம்
TRUE,துக்கம்
FALSE,துவாரம்
FALSE,துவாரம்
FALSE,தேகம்
FALSE,தேவி
FALSE,தைரியம்
TRUE,நட்சத்திரம்
FALSE,நரன்
TRUE,நவக்கிரகம்
FALSE,நாயகன்
FALSE,நிதி
TRUE,நித்தியம்
TRUE,நிமித்தம்
FALSE,நியாயாதிபதி
FALSE,நிருணயம்
TRUE,நிவிர்த்தி
TRUE,பங்கஜம்
TRUE,பங்கம்
TRUE,பண்டிகை
TRUE,பத்தி
TRUE,பக்தி
FALSE,பரதேசம்
FALSE,பருவதம்
FALSE,பரோபகாரம்
TRUE,பாக்கியம்
FALSE,பாதம்
TRUE,பாதரட்சை
FALSE,பார்வதி
FALSE,பிடிவாதம்
FALSE,பிதா
TRUE,பிரசங்கம்
FALSE,பிரதி
FALSE,பிரதிகூலம்
TRUE,பிரபந்தம்
FALSE,பிரமாதம்
TRUE,பிரமித்தல்
FALSE,பிரலாபம்
FALSE,பிராது
FALSE,பிராப்தி
FALSE,பீடை
TRUE,புத்திரன்
TRUE,புத்திரன்
TRUE,பூகம்பம்
TRUE,பூர்த்தி
FALSE,பூர்வ சென்மம்
FALSE,போஷகர்
FALSE,மகா
FALSE,மகிமா
TRUE,மத்திமம்
FALSE,மமகாரம்
FALSE,மரணம்
TRUE,மாநபங்கம்
FALSE,மிருகம்
FALSE,மிருது
TRUE,மூர்ச்சை
FALSE,மௌனம்
TRUE,யதார்த்தம்
FALSE,யுக்தி
FALSE,ரஜா
FALSE,ரஸ்தா
FALSE,வசீகரம்
FALSE,வநபோசனம்
FALSE,வநம்
FALSE,வயிரம்
TRUE,வல்லபம்
FALSE,வாகனம்
FALSE,வாதனை
FALSE,வாலிபம்
FALSE,விகடன்
FALSE,விசாலம்
FALSE,விஷம்
FALSE,விடயம்
FALSE,விதேயன்
FALSE,விபூதி
FALSE,விமோசநம்
TRUE,விருத்தாசலம்
FALSE,விவேகம்
FALSE,விகிதம்
FALSE,வைசூரி
TRUE,இறுமாப்பு
TRUE,தற்பெருமை
FALSE,கண்
TRUE,எலும்பு
TRUE,உடற் கேடன்
FALSE,ஆடு
TRUE,கறுப்பு
TRUE,மறைந்துறைதல்
TRUE,நல்வினைப் பயன்
TRUE,அடிப்படை
TRUE,அடிப்படை
FALSE,முன்
TRUE,செயற்பாடு
TRUE,பின்பற்றல்
TRUE,உடன்பாடு
FALSE,கேடு
FALSE,அருமறை
TRUE,கொள்ளையிடல்
FALSE,இடுபழி
FALSE,அழிவு
TRUE,எண்ணம்
TRUE,பயிற்சி
FALSE,கரவிலான்
TRUE,இரும்புவெண்ணீறு
FALSE,பாதி
TRUE,அழகின்மை
TRUE,கருத்தின்மை
TRUE,மானக்கேடு
FALSE,இழிவு
FALSE,உணவு
TRUE,உலகப்பற்று
TRUE,ஒழுக்கம்
TRUE,இறும்பூது
TRUE,நிலைக்களன்
TRUE,சான்று
FALSE,வறுமை
TRUE,உடன்படல்
TRUE,மகிழ்தல்
FALSE,தொடையல்
TRUE,கட்டாயம்
TRUE,இன்றியமையாமை
FALSE,காளை
FALSE,அயல்
FALSE,பகைமை
TRUE,பொன்னாக்கல்
FALSE,அவா
FALSE,அரையன்
TRUE,நெஞ்சம்
FALSE,எண்
FALSE,திருமகள்
FALSE,வெறி
TRUE,வடகீழ்ப்பால்
TRUE,விருப்பம்
FALSE,மேடு
TRUE,பிதற்றல்
TRUE,செந்நீர்
TRUE,வரவேற்பு
FALSE,வழிபாடு
FALSE,நோய்
TRUE,அக்குமணி
TRUE,உள்ளக்களிப்பு
FALSE,திருநாள்
FALSE,ஒரு புடை
FALSE,உலகுரை
TRUE,மருந்து
TRUE,அரிதின்முடிவது
FALSE,குதிரை
TRUE,அழுக்கு
TRUE,இரக்கம்
TRUE,கல்லூரி
TRUE,மன்றல்
TRUE,கால ஒழுங்கு
TRUE,இல்லறநிலை
TRUE,இழுத்தல்
TRUE,தேய்பிறை
FALSE,நலம்
FALSE,யானை
FALSE,குடம்
FALSE,பகடி
TRUE,தொண்டு
TRUE,எல்லாம்
FALSE,தமையன்
TRUE,உடன் பிறந்தாள்
FALSE,ஆறு கடலோடு கூடுமிடம்
TRUE,துன்பம்
TRUE,ஈட்டியது
FALSE,மெய்
TRUE,தண்கதிர்
FALSE,மதி
FALSE,துறவி
FALSE,திறமையாளன்
TRUE,ஒன்றுபடல்
TRUE,பேசாதிருத்தல்
TRUE,கூட இருத்தல்
FALSE,வடமொழி
TRUE,உடன்பாடு
TRUE,திருவடித்தாமரை
TRUE,அம்பு
FALSE,நீர்
TRUE,உன்னிப்பு
FALSE,நனவு
FALSE,இடம்
FALSE,அமைதி
TRUE,நெருக்கம்
TRUE,சிவப்பேறடைவு
FALSE,முகடு
TRUE,மருத்துவம்
TRUE,கற்பித்தல்
TRUE,நட்பு
TRUE,நீடுவாழ்வோன்
FALSE,தலைவன்
TRUE,குளிர்ச்சி
TRUE,தட்பவெப்பம்
FALSE,நலவழி
TRUE,தன் விருப்பம்
TRUE,காய்ச்சல்
FALSE,யானை
TRUE,மிச்சம்
TRUE,மூத்தோன்
FALSE,குணம்
FALSE,மதி
FALSE,வேலை
TRUE,எரித்தல்
TRUE,கொடுத்தல்
TRUE,உண்மை
TRUE,அஞ்சல்
FALSE,வையகம்
FALSE,நிறைகோல்
FALSE,பொழுது
TRUE,இருக்கை
TRUE,இருக்கை
FALSE,பொருநை
TRUE,ஞான்று
TRUE,நினைத்தல்
FALSE,அமைவு
TRUE,முக்காலவுணர்வினன்
FALSE,தெளிவு
FALSE,விரைவு
FALSE,முடி ( கோயில் முதலியவற்றின் முடி )
TRUE,சேய்மை
FALSE,இறைவன்
FALSE,படி
TRUE,கூத்தன்
FALSE,ஆள்
FALSE,ஓசை
TRUE,செந்நீர்
TRUE,திண்ணம்
FALSE,உறுதி
TRUE,தேர்ந்தவர்
TRUE,ஒழுங்கு
TRUE,நிலைபெறுத்தல்
TRUE,தொல்லை
FALSE,பெருமான்
TRUE,ஐந்தெழுத்து
TRUE,உருக்கம்
TRUE,கற்பரசி
TRUE,தொடர்பு
FALSE,வரிசை
TRUE,மாசின்மை
TRUE,காணிக்கை
FALSE,கடவுளுணா
FALSE,விரிவுரை
TRUE,தீவினைநீக்கம்
FALSE,எருவாய்
TRUE,இரப்பு
FALSE,வியாழன்
TRUE,துலக்கம்
TRUE,புகழ்பரவல்
FALSE,எதிர் வழக்காளி
TRUE,அறிவித்தல்
FALSE,அளவை
FALSE,பாடு
TRUE,தொல்லை
TRUE,உயிர்க்காற்று
FALSE,பிணம்
FALSE,முளை
TRUE,நன்னாள்
TRUE,ஆண்மகன்
TRUE,உறுதிப்பொருள்
FALSE,பேய்
FALSE,கருவூலம்
TRUE,துய்ப்பு
FALSE,கடல்
TRUE,கொழுப்பு
FALSE,கள்
FALSE,செரியாமை
TRUE,அன்னை
FALSE,பகைமை
FALSE,அளவு
FALSE,அடையாளம்
FALSE,அறிவிலார்
TRUE,விருப்பம்
TRUE,வழிப் பயணம்
FALSE,ஊழி
TRUE,ஆராய்ச்சி
FALSE,ஏற்றல்
FALSE,உரைநடை
FALSE,முகம்
FALSE,தலைமுறை
FALSE,அகவை
TRUE,ஆண்டு
TRUE,இருப்பு
TRUE,விருப்பம்
FALSE,கால்
TRUE,தீங்கு
TRUE,எழுந்தருளல்
FALSE,அறிவு
FALSE,வகை
FALSE,வழி
FALSE,புதுமை
TRUE,கொண்டு விற்றல்
TRUE,நோன்பு
TRUE,வேளாண்மை
FALSE,மறை
FALSE,துன்பம்
TRUE,அகங்காரம்
FALSE,அகிம்சை
TRUE,அக்கினி
TRUE,அங்குசம்
FALSE,அசீரணம்
FALSE,அணிமா
TRUE,அத்தமனம்
TRUE,அத்தியாயம்
FALSE,அநுகூலம்
FALSE,அநுபவம்
TRUE,அந்தகன்
TRUE,அந்தரம்
FALSE,அபயம்
FALSE,அபாயகரம்
FALSE,அபிவிருத்தி
FALSE,அமுது
FALSE,அரவம்
TRUE,அர்த்தசாமம்
FALSE,அவசியம்
TRUE,அற்புதம்
TRUE,ஆங்காரம்
FALSE,ஆசிரமம்
TRUE,ஆட்சேபம்
FALSE,ஆதி
TRUE,ஆபத்து
FALSE,ஆயாஸம்
TRUE,ஆரோக்கியம்
FALSE,இகம்
FALSE,இதம்
FALSE,இயமன்
TRUE,இரணவைத்தியம்
FALSE,இராணுவம்
FALSE,இரேகை
TRUE,இலட்சியம்
FALSE,இலாவாதேவி
TRUE,உக்கிரம்
FALSE,உதரம்
TRUE,உத்தியோகம்
TRUE,உபத்திரவம்
FALSE,உபாயம்
FALSE,உரோமம்
TRUE,எக்கியம்
FALSE,ஏடணை
TRUE,கட்சி
TRUE,கண்டனம்
TRUE,கம்பீரம்
FALSE,கருமம்
FALSE,காசம்
FALSE,கியாதி
FALSE,கிராதன்
FALSE,கீணம்
FALSE,குபேரன்
FALSE,குரோதம்
TRUE,கோதண்டம்
FALSE,சகாயம்
TRUE,சக்கரவர்த்தி
TRUE,சங்கேதம்
FALSE,சதா
TRUE,சந்ததி
TRUE,சந்து
FALSE,சபை
FALSE,சமரசம்
FALSE,சமுகம்
TRUE,சம்பந்தம்
FALSE,சரசம்
FALSE,சரீரம்
FALSE,ஜனம்
FALSE,சாசுவதம்
TRUE,சாதித்தல்
TRUE,சாமர்த்தியம்
FALSE,சாவகாசம்
TRUE,சிங்கம்
TRUE,சித்தம்
FALSE,சிரமம்
TRUE,சின்னம்
FALSE,சீலம்
TRUE,சுத்தம்
FALSE,சுவர்ணம்
FALSE,சூரியன்
FALSE,சேமம்
FALSE,சோதிடர்
FALSE,சௌந்தரம்
TRUE,தட்சிணாமூர்த்தம்
FALSE,தனம்
FALSE,தயவு
TRUE,தரித்தல்
TRUE,தலயாத்திரை
TRUE,தாபித்தல்
TRUE,திட்டி
FALSE,திரவியம்
TRUE,திவ்வியம்
TRUE,துக்கம்
FALSE,துவேஷம்
FALSE,தேகவியோகம்
FALSE,தைரியம்
TRUE,நட்டம்
FALSE,நவதானியம்
FALSE,நாயகி
TRUE,நித்தியம்
TRUE,நிமித்தம்
FALSE,நிருமூலம்
FALSE,நீசன்
TRUE,பங்கம்
TRUE,பண்டிதன்
TRUE,பக்தி
FALSE,பரமகதி
FALSE,பரோபகாரம்
TRUE,பாக்கியம்
FALSE,பாதை
FALSE,பாலகன்
FALSE,பிதா
TRUE,பிரசண்டமாருதம்
TRUE,பிரதிக்கினை
TRUE,பிரபந்தம்
TRUE,பிரமித்தல்
TRUE,பிரவர்த்தி
FALSE,பிராமணன்
TRUE,பீதாம்பரம்
TRUE,புத்திரன்
FALSE,பூகோள சாஸ்திரம்
FALSE,பூர்வபக்ஷம்
FALSE,போஷணை
FALSE,மகிமை
TRUE,மத்தியானம்
FALSE,மரணம்
TRUE,மாநபங்கம்
FALSE,மிருது
TRUE,மூர்ச்சை
TRUE,யதார்த்தம்
FALSE,யூகம்
FALSE,ரஸ்தா
TRUE,வச்சிரம்
FALSE,வநவாசம்
FALSE,வயிரம்
FALSE,வாகனம்
FALSE,வாதனை
TRUE,விகற்பம்
FALSE,விசாலம்
FALSE,விஷயம்
FALSE,விஸ்தாரம்
FALSE,வியபிசாரி
TRUE,விருத்தாந்தம்
FALSE,வீதி
FALSE,வைடூரியம்
TRUE,செருக்கு
TRUE,கொப்புளம்
TRUE,உறுப்பறையன்
FALSE,முதல்
FALSE,அறியாமை
TRUE,நன்னுகர்ச்சி
TRUE,கடைக்கால்
FALSE,பழமை
FALSE,நாடோறும்
FALSE,விடை
FALSE,மறைபொருள்
TRUE,பறித்தல்
FALSE,கேடு
TRUE,உட்கருத்து
FALSE,பேதை
TRUE,தகுதியின்மை
FALSE,பூ வழிபாடு
TRUE,கோதுமைத் தேம்பாகு
TRUE,உறுப்பு
FALSE,அடிசில்
TRUE,வழக்கம்
FALSE,பொருள்
TRUE,அடிப்படை
FALSE,விரைவு
TRUE,முயற்சி
TRUE,துவக்கம்
TRUE,புறங்கூற்று
FALSE,ஏறு
TRUE,நன்மைதீமை
TRUE,அருவருப்பு
TRUE,மன்னன்
TRUE,உள்ளம்
FALSE,அழகு
TRUE,மயக்கம்
FALSE,இழிவு
FALSE,முகடு
FALSE,குருதி
FALSE,முகமன்
TRUE,துன்பம்
TRUE,மெய்ப்பித்தல்
TRUE,நினைத்தல்
TRUE,சிறுபான்மை
TRUE,வேள்வித்தீயோம்புகை
TRUE,பிள்ளையார்
FALSE,தீவினை
FALSE,தலைவன்
TRUE,செய்யுள்
TRUE,வாழ்க்கை
TRUE,கவர்தல்
FALSE,அருள்
FALSE,தொழுநோய்
TRUE,ஆசானிடத்தன்பு
FALSE,பணி
TRUE,மும்மலக்கட்டினர்
TRUE,தமக்கை
FALSE,கூடுகை
TRUE,எஞ்சியது
TRUE,உணவுச்சாலை
TRUE,அம்புலி
TRUE,வஞ்சினம்
FALSE,பொழுது
TRUE,இறப்பு
TRUE,செல்வம்
TRUE,ஒப்பு
FALSE,நாணல்
FALSE,நீர்
TRUE,தங்குமிடம்
TRUE,பயிற்சி
TRUE,திங்கட்டொடர்புடையது
FALSE,வலவன்
FALSE,பரிகாரம்
TRUE,கல்வி பயிற்றல்
TRUE,அன்பு
TRUE,மூத்தோன்
TRUE,சூல்காப்பிடுஞ்சடங்கு
TRUE,நன்மை
TRUE,வெப்புநோய்
TRUE,துதிக்கை
TRUE,குறும்பு
FALSE,கனவு
FALSE,தொழில்
FALSE,சுடுதல்
FALSE,மெய்
TRUE,உடுக்கை
TRUE,துலாக்கோல்
FALSE,அறம்
TRUE,நிலையியற் பொருள்
TRUE,ஏற்றத்தாழ்வு
FALSE,வழிபடல்
TRUE,சால்வு
FALSE,புனிதநீர்
TRUE,பேருறக்கம்
FALSE,தொலைவு
FALSE,தலைவன்
TRUE,அம்பலவாணன்
TRUE,வணக்கம்
FALSE,தலைவன்
TRUE,தேற்றம்
TRUE,வல்லவர்
TRUE,அமைத்தல்
FALSE,இடர்
TRUE,விலக்கு
TRUE,அன்பு
FALSE,திருமகள்
FALSE,தொகுதி
FALSE,புனிதம்
TRUE,ஒப்புவித்தல்
FALSE,பேருரை
FALSE,சுமை
FALSE,ஐயம்
TRUE,வெளிச்சம்
FALSE,வெளியீடு
TRUE,வெளிப்படுத்தல்
FALSE,தலைமை
FALSE,பயணம்
TRUE,உயிர்வளி
FALSE,விதை
TRUE,நல்வினை தீவினை
TRUE,வேள்வி செய்வோன்
FALSE,நிலம்
TRUE,நுகர் பொருள்
TRUE,மேன்மை
FALSE,தேன்
TRUE,சோம்பல்
FALSE,பொறாமை
TRUE,மட்டு
TRUE,பெருச்சாளி
FALSE,மருள்
TRUE,போர்முனை
TRUE,சூழ்ச்சி
TRUE,தென்றற்காற்று
TRUE,பேச்சு
TRUE,ஆண்டு
FALSE,நிறம்
FALSE,அவா
TRUE,காற்று
TRUE,ஆராய்ச்சி
TRUE,விண்ணப்பம்
FALSE,ஊழ்
TRUE,இக்கட்டு
FALSE,தவம்
TRUE,விளக்கம்
FALSE,மறைமுடிவு
TRUE,அகங்காரம்
FALSE,அகிம்சை
TRUE,அக்கினி
TRUE,அங்குட்டம்
TRUE,அசுத்தம்
FALSE,அதிகம்
FALSE,அஸ்தமனம்
TRUE,அத்திரம்
FALSE,அநுகூலம்
TRUE,அநுபவித்தல்
TRUE,அந்தகன்
TRUE,அந்தரம்
FALSE,அபரஞானம்
FALSE,அபாயகரம்
FALSE,அபிவிருத்தி
FALSE,அமுது
FALSE,அரவம்
TRUE,அர்த்தநாரீசுரன்
FALSE,அவசியம்
TRUE,அற்புதம்
FALSE,ஆசர்
FALSE,ஆசிரமம்
TRUE,ஆட்சேபம்
FALSE,ஆதி
TRUE,ஆபத்து
FALSE,ஆயுசு
TRUE,ஆரோக்கியம்
FALSE,இகம்
FALSE,இதம்
FALSE,இயமன்
FALSE,இரதம்
TRUE,இராத்திரி
FALSE,இரேகை
FALSE,இலயம்
FALSE,இலாவாதேவி
TRUE,உக்கிரம்
FALSE,உதாரம்
TRUE,உத்தியோகம்
TRUE,உபத்திரவம்
FALSE,உபாயம்
TRUE,உலகப்பிரசித்தி
FALSE,எசமானன்
FALSE,ஏதம்
FALSE,கக்ஷி
FALSE,கண்திருஷ்டி
TRUE,கம்பீரம்
FALSE,கருமம்
FALSE,காசம்
FALSE,கிரகசாரம்
FALSE,கிராதன்
FALSE,கீணம்
FALSE,குமரி
FALSE,குரோதம்
TRUE,கோத்திரம்
FALSE,சகாயம்
TRUE,சக்கரவர்த்தி
TRUE,சங்கேதம்
FALSE,சதானந்தம்
TRUE,சந்ததி
TRUE,சந்து
FALSE,சபை
FALSE,சமாசம்
FALSE,சமுகம்
TRUE,சம்பவம்
FALSE,சரசுவதி
FALSE,சர்ப்பம்
FALSE,சனனம்
FALSE,சாடி
FALSE,சாதியாசாரம்
FALSE,சாமான்
FALSE,சாவகாசம்
FALSE,சிம்ஹம்
TRUE,சித்தம்
FALSE,சிரவணம்
TRUE,சின்னாபின்னம்
TRUE,சீவசெந்து
TRUE,சுந்தரம்
FALSE,சுவாசகாசம்
FALSE,சூரியன்
FALSE,சேமம்
FALSE,சோதிடர்
TRUE,சௌபாக்கியவதி
TRUE,தட்சிணாமூர்த்தம்
FALSE,தனம்
FALSE,தயா
TRUE,தரித்தல்
TRUE,தற்சமயம்
TRUE,தாபித்தல்
TRUE,திட்டி
FALSE,திரவியம்
FALSE,தினசரி
TRUE,துக்கம்
FALSE,துவேஷம்
TRUE,தேகாப்பியாசம்
FALSE,தைரியம்
TRUE,நட்டம்
FALSE,நவநீதம்
FALSE,நாராசம்
TRUE,நித்தியம்
FALSE,நியதி
FALSE,நிருமூலம்
FALSE,நீசன்
TRUE,பங்கம்
TRUE,பண்டிதன்
TRUE,பக்தி
FALSE,பரமகதி
TRUE,பர்த்தா
FALSE,பாசம்
FALSE,பாதை
TRUE,பாலப்பருவம்
TRUE,பிதிரார்ச்சிதம்
TRUE,பிரசண்டமாருதம்
TRUE,பிரதிக்கினை
TRUE,பிரபல்லியம்
TRUE,பிரமித்தல்
TRUE,பிரவர்த்தி
TRUE,பிரார்த்தனை
FALSE,புஸ்தகம்
TRUE,புத்திரி
FALSE,பூசாரி
FALSE,பூர்விகம்
FALSE,போதனை
FALSE,மகிமை
FALSE,மநசு
FALSE,மரணம்
,மாநியம்
TRUE,மிலேச்சன்
TRUE,மூர்த்தி
TRUE,யதேச்சை
FALSE,யூகம்
FALSE,ரணம்
FALSE,வஸ்திரம்
TRUE,வந்தனம்
FALSE,வயோதிகம்
TRUE,வாக்கியம்
TRUE,வாதித்தல்
FALSE,விகாரம்
FALSE,விஸ்தீரணம்
FALSE,விஷயம்
TRUE,வித்தியாசம்
FALSE,வியவகாரம்
TRUE,விருத்தி
FALSE,வீரர்
FALSE,வைடூரியம்
FALSE,அகரவரிசை
TRUE,பார்ப்பனச்சேரி
TRUE,உடன்பாடு
FALSE,மூலம்
FALSE,இருள்
TRUE,விருந்தினன்
FALSE,தலைவன்
FALSE,கடவுள்
TRUE,பின்சேர்க்கை
TRUE,கட்டளை
TRUE,உள்ளம்
TRUE,வவ்வல்
TRUE,துன்பம்
TRUE,உட்கோள்
FALSE,புனல்
FALSE,தகாதது
FALSE,மலர் தூவழிபாடு
FALSE,ஒழிவு
FALSE,சிறுமை
FALSE,ஆரவாரம்
TRUE,நன்னடை
TRUE,செல்வம்
FALSE,முதல்
TRUE,பரபரப்பு
TRUE,முன்னேற்பாடு
TRUE,தொடக்கம்
TRUE,புறந்தூற்றல்
FALSE,ஆரவாரம்
TRUE,ஐம்பொறிகள்
TRUE,ஒழுங்கின்மை
TRUE,அரசர்தலைநகர்
TRUE,அன்பு
TRUE,செல்வம்
TRUE,காற்பரளை
FALSE,குறைபாடு
TRUE,வெப்பம்
TRUE,உண்மை
TRUE,வேளாண்மை
FALSE,ஆசிரியன்
TRUE,கைப்பணம்
TRUE,ஓர்தல்
TRUE,ஒன்று
TRUE,உணவொழிநோன்பு
TRUE,கணக்கு
FALSE,மணமாகாதவள்
FALSE,வினை முதல்
FALSE,பாவலன்
TRUE,நாட்கழிதல்
TRUE,உணர்தல்
TRUE,இரக்கம்
FALSE,பெருநோய்
TRUE,குருவினிடத்தன்பு
TRUE,கூட்டம்
TRUE,கூடவிருத்தல்
TRUE,தங்கை
TRUE,இயங்கு திணைப்பொருள்
FALSE,விரைவு
TRUE,ஊட்டுப்புரை
FALSE,பிறை
FALSE,ஆணை
FALSE,நேரம்
FALSE,உவமை
FALSE,உறவு
TRUE,பாதுகாப்பு
TRUE,பொய்கை
TRUE,நீர்க்கோவை
FALSE,வீடு
FALSE,உறுதிமுறி
FALSE,தீமொழி
TRUE,சிறந்த பகுதி
TRUE,மருத்துவம்
TRUE,ஒறுத்தல்
TRUE,முதன்மை
TRUE,புகழ்தல்
FALSE,தலைமகன்
TRUE,வெள்ளிக்கிழமை
FALSE,குரல்
TRUE,தீட்டு
TRUE,தமக்கை
TRUE,உடன் பிறந்தான்
FALSE,நலம்
FALSE,உடன்
FALSE,பொருளியல் உண்மை
FALSE,பகடி
FALSE,நிறைகோல்
FALSE,இடம்
TRUE,நிற்பன
TRUE,கருத்துரை
FALSE,நிலை
FALSE,மனநிறைவு
TRUE,திருக்குளம்
TRUE,உயிர்ப்படக்கம்
TRUE,எட்டாக் கை
TRUE,கடவுள் நிலையம்
TRUE,கூத்தன்
TRUE,நன்மை
FALSE,பலவகை
FALSE,கொடுமை
TRUE,நொடிப்பொழுது
TRUE,ஏற்படுத்தல்
TRUE,வலுக்கட்டாயம்
TRUE,வெளிப்படை
FALSE,பறவை
FALSE,திருமகள்
FALSE,கொடுமை
TRUE,இரக்கம்
FALSE,கைகூடுதல்
FALSE,கை
FALSE,பொறை
TRUE,இரப்பு
TRUE,இயற்கை
TRUE,வலம்வருதல்
TRUE,கண்கூடு
TRUE,மேற்கோள்
TRUE,வழிப்போக்கு
TRUE,உயிர்ப்பு
TRUE,இருக்கை
FALSE,அறம் மறம்
FALSE,இடம்
FALSE,உலகு
FALSE,உணவு
FALSE,அரசன்
TRUE,வண்டு
TRUE,மப்பு
FALSE,பகைமை
TRUE,நட்பு
TRUE,பெருச்சாளி
FALSE,வீடு
TRUE,அமர்க்களம்
FALSE,சுவை
FALSE,மணம்
FALSE,பலரறிசொல்
FALSE,அகவை
FALSE,குலம்
TRUE,காற்று
FALSE,கிழமை
TRUE,கேள்வி
FALSE,முறையீடு
TRUE,தெய்வம்
FALSE,இடையூறு
FALSE,தேள்
FALSE,திருமணம்
TRUE,மறைக்காடு
TRUE,அகங்காரம்
FALSE,அகிலம்
TRUE,அக்கினி
TRUE,அங்குலம்
TRUE,அசுத்தம்
TRUE,அதிகாந்தம்
FALSE,அஸ்தமனம்
FALSE,அஸ்திரம்
FALSE,அநுகூலம்
TRUE,அநுபவித்தல்
FALSE,அந்தஸ்து
TRUE,அந்தரவாணி
FALSE,அபரஞானம்
FALSE,அபானவாயு
FALSE,அபூர்வம்
FALSE,அம்சம்
FALSE,அராகம்
TRUE,அர்த்தநாரீசுரன்
FALSE,அவதாரம்
FALSE,அனுபவம்
FALSE,ஆஜர்
FALSE,ஆசிரமம்
TRUE,ஆட்சேபம்
TRUE,ஆதிக்கம்
TRUE,ஆபத்து
FALSE,ஆயுசு
FALSE,ஆலயம்
FALSE,இகம்
FALSE,இதம்
FALSE,இயமன்
TRUE,இரத்தம்
TRUE,இராத்திரி
FALSE,இரேகை
FALSE,இலயம்
TRUE,இலிங்கம்
TRUE,உக்கிராணம்
FALSE,உதாரம்
TRUE,உத்தியோகம்
FALSE,உபநதி
FALSE,உபாயம்
FALSE,உலோகம்
FALSE,எசமானன்
FALSE,ஏதம்
FALSE,கக்ஷி
FALSE,கண்திருஷ்டி
TRUE,கம்பீரம்
TRUE,கர்க்கடகம்
FALSE,காஷாயம்
FALSE,கிரகசாரம்
FALSE,கிராமம்
FALSE,க்ஷீணம்
FALSE,குமரி
FALSE,குலஸ்திரீ
TRUE,கோத்திரம்
FALSE,சகாயம்
TRUE,சக்கரவர்த்தி
TRUE,சங்கை
FALSE,சதுரம்
TRUE,சந்ததி
TRUE,சந்து
FALSE,சபை
FALSE,சமாசம்
TRUE,சமுச்சயம்
TRUE,சம்பவம்
FALSE,சரசுவதி
FALSE,சருமம்
FALSE,சன்மம்
TRUE,சாட்சி
FALSE,சாது
FALSE,சாமான்
FALSE,சாவகாசம்
FALSE,சிம்ஹம்
TRUE,சித்தி
TRUE,சிரார்த்தம்
TRUE,சீக்கிரம்
TRUE,சீவகாருண்ணியம்
FALSE,சுபாவம்
FALSE,சுவாசம்
FALSE,சூரியன்
FALSE,சேவகன்
FALSE,சோசியர்
TRUE,சௌபாக்கியவதி
TRUE,தட்சிணை
FALSE,தநவான்
FALSE,தயா
TRUE,தரித்தல்
TRUE,தற்சமயம்
TRUE,தாபித்தல்
TRUE,திருட்டி
FALSE,திராவகம்
FALSE,தீபஸ்தம்பம்
TRUE,துக்கம்
FALSE,தூஷணை
FALSE,தேசசு
FALSE,தைரியம்
FALSE,நஷ்டம்
FALSE,நவீனம்
FALSE,நாரிகேளம்
TRUE,நித்திரை
FALSE,நியதி
FALSE,நிருமூலம்
FALSE,நீதி
FALSE,பசார்
TRUE,பண்டிதன்
TRUE,பத்தியம்
TRUE,பரம்பரை
FALSE,பலஹீனம்
FALSE,பாசம்
TRUE,பாத்தியம்
TRUE,பால்யர்
TRUE,பிதிர்க்கடன்
FALSE,பிரசவம்
TRUE,பிரதிக்கினை
TRUE,பிரபல்லியம்
FALSE,பிரமேயம்
FALSE,பிரவாகம்
TRUE,பிரார்த்தனை
TRUE,புத்தகம்
TRUE,புத்திரி
FALSE,பூசை
FALSE,பேதம்
FALSE,போதை
FALSE,மகுடம்
FALSE,மநசு
FALSE,மரணை
TRUE,மாந்தம்
TRUE,மிலேச்சன்
FALSE,மூலதனம்
TRUE,யதேச்சை
FALSE,யூகம்
FALSE,ரணம்
FALSE,வஸ்திரம்
TRUE,வந்தனம்
FALSE,வரம்
TRUE,வாக்கு
,வாத்சல்யம்
FALSE,விகாரம்
FALSE,விஸ்தீரணம்
TRUE,விட்டுணு
TRUE,வித்தியாசம்
TRUE,வியாக்கியாநம்
TRUE,விருத்தி
FALSE,வீரர்
FALSE,வைதிகம்
TRUE,இயல்பு
TRUE,ஒழுங்கின்மை
TRUE,ஒப்பு
TRUE,விழிப்பின்மை
FALSE,மருள்
FALSE,புதியவன்
TRUE,கண்காணி
TRUE,யாருமற்றவன்
TRUE,தொடர்ச்சி
FALSE,ஆணை
FALSE,தனிமை
TRUE,தீங்கு
TRUE,இடுக்கண்
TRUE,உள்ளப்போக்கு
TRUE,தேய்பிறை
TRUE,தெய்வப் பெண்
FALSE,பூசை
TRUE,ஓய்வு
FALSE,அணு
TRUE,வருத்தம்
TRUE,துப்புரவு
TRUE,கடவுட் கொள்கையன்
FALSE,பழமை
FALSE,உயிர்
TRUE,களைப்பு
FALSE,வழிபாடு
FALSE,மருள்
TRUE,வீண் பெருமை
TRUE,கடுந்துன்பம்
FALSE,சுவைஞன்
TRUE,மனவெழுச்சி
FALSE,பருவம்
TRUE,கைக்கூலி
FALSE,ஊதியம்
FALSE,குறைவு
FALSE,சூடு
TRUE,மேன்மை
TRUE,அருண்மொழி
TRUE,கற்பிப்போன்
TRUE,இருப்பு
FALSE,குறைவு
FALSE,தனிமை
TRUE,எரியோம்பல்
TRUE,நிலப்பிரிவு
FALSE,கோழை
TRUE,ஆக்கியோன்
TRUE,பாட்டு
FALSE,கருமை
FALSE,நூல்
TRUE,பூச்சி
TRUE,இயல்பு
FALSE,உருவிலி
FALSE,மணப் பொருள்
FALSE,உடனுறைதல்
FALSE,உருளை
FALSE,அசைவன
FALSE,விரைவு
FALSE,சாவடி
TRUE,முடுக்கு
TRUE,உருவேற்றல்
FALSE,காலம்
TRUE,ஒப்பு
TRUE,பற்று
TRUE,படுக்கை
FALSE,வரலாறு
FALSE,அசைவு
FALSE,முறி
FALSE,அடையாளம்
FALSE,வசவு
FALSE,இனிய குரல்
FALSE,பரிகாரம்
TRUE,கற்பித்தல்
TRUE,உளத்திட்பம்
TRUE,மேன்மை
TRUE,பெண்மகள்
TRUE,வளர்பிறை
FALSE,எளிது
FALSE,தூள்
TRUE,அக்காள்
TRUE,ஆராய்ச்சி
FALSE,எளிது
TRUE,தெற்கு
TRUE,செல்வம்
TRUE,விளையாட்டு
TRUE,காட்சி
FALSE,கோயில்
TRUE,அசையாப் பொருள்
FALSE,ஈகை
FALSE,உறுதி
FALSE,அமைவு
FALSE,தீவு
TRUE,இரண்டகம்
FALSE,பருமை
FALSE,கோயில்
FALSE,அம்பலவாணன்
FALSE,கண்
TRUE,மயிர்வினைஞன்
TRUE,கண்கூடு
FALSE,நொடி
FALSE,நெறி
FALSE,விடுதலை
FALSE,தகுதி
FALSE,புள்
TRUE,அன்பர்
TRUE,அச்சம்
FALSE,அளவு
TRUE,பயன்றருதல்
FALSE,தீமை
FALSE,கடமை
FALSE,ஐயம்
FALSE,பகுதி
TRUE,ஓங்காரம்
FALSE,தெளிவு
FALSE,ஆணை
TRUE,வழிச்செலவு
FALSE,உயிரி
FALSE,மேடை
FALSE,அறிவன்
FALSE,இடம்
FALSE,நிறைவு
FALSE,சோறு
TRUE,செல்வன்
FALSE,நடுநிலை
FALSE,மழைவானம்
FALSE,பொறாமை
TRUE,நண்பு
FALSE,அறிவிலான்
TRUE,துறக்கம்
TRUE,சூழ்ச்சி
FALSE,விடுமுறை
FALSE,உறைதல்
FALSE,மணம்
FALSE,அதுவாதல்
TRUE,ஒப்பனை
TRUE,குளிர்ச்சி
TRUE,அன்பு
FALSE,கவலை
TRUE,வேண்டுகோள்
FALSE,முறை
FALSE,வேறுபாடு
FALSE,மரம்
TRUE,மன்றல்
TRUE,அந்தணர்
TRUE,அகசுமாத்து
FALSE,அகிலம்
TRUE,அக்கினி
TRUE,அங்குலம்
TRUE,அசுத்தம்
FALSE,அதிகாரம்
FALSE,அஸ்தமனம்
TRUE,அத்துவிதம்
FALSE,அநுகூலம்
TRUE,அநுபவித்தல்
FALSE,அந்தஸ்து
TRUE,அந்நியம்
FALSE,அபராதம்
FALSE,அபிடேகம்
FALSE,அபூர்வம்
FALSE,அம்சம்
FALSE,அருணோதயம்
TRUE,அர்ப்பணம்
FALSE,அவதாரம்
FALSE,அனுபோகம்
FALSE,ஆசனம்
TRUE,ஆசீர்வாதம்
FALSE,ஆதரவு
TRUE,ஆதிக்கம்
FALSE,ஆபாசம்
FALSE,ஆயுள்
TRUE,ஆலிங்கனம்
TRUE,இக்கணம்
FALSE,இதம்
FALSE,எமன்
TRUE,இரத்தம்
FALSE,இருசால்
FALSE,இரேகை
FALSE,லயம்
TRUE,இலிங்கம்
TRUE,உக்கிராணம்
FALSE,உதாரம்
TRUE,உத்தேசம்
FALSE,உபநயநம்
FALSE,உபாயம்
FALSE,உலோகம்
TRUE,எதார்த்தம்
FALSE,ஏதம்
FALSE,கஷாயம்
TRUE,கதம்பம்
FALSE,கயரோகம்
TRUE,கர்ச்சனை
FALSE,காஷ்டம்
FALSE,கிரகணம்
FALSE,கிரியை
FALSE,க்ஷீணம்
FALSE,குமரி
FALSE,குன்மம்
TRUE,கோத்திரம்
FALSE,சகாயம்
TRUE,சக்தி
TRUE,சங்கை
FALSE,சதுரம்
TRUE,சந்ததி
TRUE,சந்துஷ்டி
FALSE,சபை
FALSE,சமாசாரம்
TRUE,சமுச்சயம்
TRUE,சம்பாஷணை
FALSE,சரணம்
FALSE,சருவம்
FALSE,சனி
TRUE,சாட்சி
FALSE,சாதுரியம்
FALSE,சாமி
FALSE,சாவதானம்
TRUE,சிங்காசனம்
TRUE,சித்தி
FALSE,சிருட்டி
TRUE,சீக்கிரம்
TRUE,சீவகாருண்ணியம்
FALSE,சுபாவம்
FALSE,சுவாசம்
FALSE,சூரியன்
FALSE,சேவகன்
FALSE,சோசியர்
FALSE,சௌரமானம்
TRUE,தக்கணை
TRUE,தந்தம்
FALSE,தயா
TRUE,தரித்திரம்
FALSE,தாகம்
FALSE,தாமசம்
TRUE,திருட்டி
FALSE,திராவகம்
FALSE,தீபஸ்தம்பம்
TRUE,துக்கம்
FALSE,தூஷணை
FALSE,தேசம்
FALSE,தைலம்
FALSE,நஷ்டம்
FALSE,நாகம்
TRUE,நிக்கிரகம்
TRUE,நித்திரை
FALSE,நியதி
FALSE,நிருவாகம்
FALSE,நீதி
FALSE,பசார்
TRUE,பதட்டம்
TRUE,பத்தியம்
TRUE,பரம்பரை
FALSE,பலம்
FALSE,பாசம்
TRUE,பாத்திரம்
FALSE,பாவனை
TRUE,பிதிர்க்கடன்
FALSE,பிரசவம்
FALSE,பிரதிஷ்டை
TRUE,பிரபல்லியம்
FALSE,பிரமை
FALSE,பிரவேசம்
FALSE,பிரியம்
FALSE,புஷ்டி
FALSE,புயபலம்
FALSE,பூசை
FALSE,பேதம்
FALSE,போதை
FALSE,மகுடம்
FALSE,மநஸ்தாபம்
FALSE,மரணை
TRUE,மாமிசபட்சணம்
TRUE,மீனாட்சி
FALSE,மூலதனம்
FALSE,யதேஷ்டம்
FALSE,யோகக்ஷேமம்
TRUE,ருசுப்படுத்தல்
FALSE,வஸ்திரம்
TRUE,வந்தனோபசாரம்
FALSE,வரம்
TRUE,வாக்கு
,வாத்சல்யம்
FALSE,விகிதம்
FALSE,விஸ்தீரணம்
FALSE,விஷ்ணு
TRUE,வித்தியாசம்
FALSE,வியாசம்
FALSE,விரோதம்
FALSE,வீரியம்
TRUE,வைத்தியம்
TRUE,புரட்டன்
FALSE,முறைகேடு
TRUE,உடன்பாடு
TRUE,கருத்தின்மை
TRUE,எழுத்து
TRUE,கீழிறக்கம்
FALSE,மிகுதி
TRUE,முறையின்மை
TRUE,அடுத்து யாக்கப்படுவது
TRUE,ஒப்புதல்
FALSE,வான்
TRUE,பொல்லாங்கு
FALSE,பேரிடர்
TRUE,கொள்கை
TRUE,புதுப்பிறை
FALSE,அரிவை
FALSE,பூ வழிபாடு
FALSE,விரைவு
TRUE,புன்மை
FALSE,புருவநடு
TRUE,எள்ளல்
TRUE,மருத்துச்சாலை
FALSE,அடி
FALSE,உயிர்
TRUE,இளைப்பு
FALSE,வழிபடுதல்
TRUE,தெய்வமேறல்
TRUE,அன்பு
TRUE,வருத்தம்
TRUE,சுவைத்தல்
FALSE,ஓரை
TRUE,மகளிர் முதற் பூப்பு
FALSE,கையுறை
TRUE,மிச்சம்
FALSE,கொடுமை
FALSE,காலை
TRUE,கற்புடையவள்
FALSE,அறிவுரை
TRUE,கணக்காயன்
TRUE,மொத்த இருப்பு
FALSE,இழிவு
FALSE,தனியன்
TRUE,காப்பு
FALSE,பிரிவு
FALSE,குருடன்
FALSE,நூலாசிரியன்
TRUE,பல்லி
FALSE,முகில்
TRUE,ஒழுங்கு
FALSE,புழு
TRUE,பெருங்களிப்பு
FALSE,அழகிலி
FALSE,பேரொலி
TRUE,பழக்கம்
TRUE,வட்டம்
TRUE,நினைப்பளவு
TRUE,அறுபதாமாண்டு நிறைவு
FALSE,குடை
TRUE,இயங்கும் உயிர்
TRUE,உருவேற்றல்
TRUE,காலப்பொருத்தம்
FALSE,இணை
FALSE,இயைபு
TRUE,உறக்கம்
FALSE,வரலாறு
FALSE,உரையாடல்
FALSE,அழியாமை
TRUE,முயற்சி கைகூடல்
FALSE,வில்
TRUE,இன்னிசை
FALSE,குடுமி
TRUE,கல்வி பயிற்றல்
TRUE,விருப்பு
TRUE,நன்மை
TRUE,செரித்தல்
TRUE,வெண்ணீர்
FALSE,உரிமை
FALSE,ஞாயிறு
TRUE,திருக்கோயில்
TRUE,ஆய்வு
FALSE,நலம்
TRUE,பத்துப் பிறப்பு
,பொருள்
FALSE,கணவனும் மனைவியும்
TRUE,பார்வை
FALSE,பதி
TRUE,நிலையியற் பொருள்
FALSE,கொடை
FALSE,நிலை
TRUE,சால்வு
FALSE,வெளி
TRUE,வஞ்சனை
FALSE,உடல்
TRUE,கடவுட்செயல்
FALSE,மீன்
FALSE,நிரயம்
TRUE,மயிர்வினைஞன்
TRUE,மதிப்பு
FALSE,குறி
FALSE,முறை
TRUE,நீக்கம்
FALSE,நிலை
TRUE,முடிசூட்டல்
TRUE,தொண்டர்
TRUE,அச்சம்
TRUE,அளவுபட்டது
FALSE,வீடு
FALSE,தாள்
FALSE,மனைவி
TRUE,இரப்போன்
TRUE,உணர்வு
TRUE,முதன்மை
FALSE,தனிமை
TRUE,கட்டளை
FALSE,செலவு
TRUE,சிற்றுயிர்
TRUE,துன்பம்
TRUE,உணர்ச்சி
TRUE,சோற்றின் மறுபால்
TRUE,எல்லாம்
TRUE,உண்டி
FALSE,பெரிய
FALSE,நடு
FALSE,மறைமொழி
TRUE,மட்டும்
TRUE,நட்பு
FALSE,முருடன்
FALSE,அறியாமை
TRUE,பொருந்துமாறு
TRUE,ஓய்வு
TRUE,வாழ்தல்
TRUE,மணப்பெண்
FALSE,வழி
TRUE,செய்தி
TRUE,காற்றுப்பிடிப்பு
FALSE,பாலம்
TRUE,எண்ணம்
TRUE,ஒருமலக்கட்டினர்
TRUE,செயற்கை
FALSE,திரிபு
FALSE,கிழவன்
TRUE,வழக்கு
TRUE,பார்ப்பார்
TRUE,அகசுமாத்து
FALSE,அகிலம்
TRUE,அக்கினி
TRUE,அசந்தர்ப்பம்
FALSE,அசுபம்
FALSE,அதிகாரம்
FALSE,அஸ்தமனம்
TRUE,அநந்தம்
FALSE,அநுகூலம்
FALSE,அநுபானம்
FALSE,அந்தஸ்து
TRUE,அந்நியம்
FALSE,அபராதம்
FALSE,அபிடேகம்
FALSE,அபேட்சை
FALSE,அம்சம்
FALSE,அருணோதயம்
TRUE,அர்ப்பணம்
FALSE,அவதி
TRUE,அன்னசத்திரம்
FALSE,ஆசனம்
FALSE,ஆசை
FALSE,ஆதரவு
TRUE,ஆதிக்கம்
FALSE,ஆபாசம்
FALSE,ஆயுள்
FALSE,ஆலோசனை
TRUE,இச்சகம்
FALSE,ஹிதம்
FALSE,எமன்
TRUE,இரத்தினம்
FALSE,இருசால்
FALSE,இரேகை
FALSE,லயம்
FALSE,இலேகியம்
FALSE,உசிதம்
FALSE,உதாரகுணம்
TRUE,உத்தேசம்
FALSE,உபநயநம்
TRUE,உபேட்சை
FALSE,உலோபம்
TRUE,எதார்த்தம்
FALSE,ஏது
FALSE,கடினம்
TRUE,கதம்பம்
FALSE,கயிலாசம்
TRUE,கர்ப்பக்கிரகம்
FALSE,காயம்
FALSE,கிரகணம்
FALSE,கிரியை
FALSE,கீதம்
FALSE,குமரி
FALSE,குன்மம்
FALSE,கோமயம்
FALSE,சகாயம்
TRUE,சக்தி
TRUE,சங்கை
FALSE,சதுரம்
TRUE,சந்தர்ப்பம்
TRUE,சந்தோஷம்
FALSE,சமஸ்கிருதம்
FALSE,சமாதானம்
FALSE,சம்சயம்
TRUE,சம்பாதித்தல்
FALSE,சரணம்
FALSE,சரோசம்
TRUE,சன்மார்க்கம்
FALSE,சாஷ்டாங்கம்
FALSE,சாதுரியம்
FALSE,சாமி
FALSE,சாவதானம்
TRUE,சிங்காரம்
TRUE,சித்திரம்
FALSE,ஸ்திரீதனம்
TRUE,சீக்கிரம்
FALSE,சீவனம்
FALSE,சுபாவம்
FALSE,சுவாதிஷ்டானம்
FALSE,சூலம்
TRUE,சேவித்தல்
FALSE,சோசியர்
FALSE,சூரியமானம்
TRUE,தண்டனை
TRUE,தந்தி
FALSE,தயை
TRUE,தரித்திரம்
FALSE,தாகம்
FALSE,தாமசம்
TRUE,திருட்டி
TRUE,திராட்சை
FALSE,தீபாராதனை
FALSE,துஷ்டன்
FALSE,தூஷணை
FALSE,தேயு
TRUE,தொக்கு
FALSE,நதி
FALSE,நாசம்
TRUE,நிக்கிரகம்
TRUE,நித்திரை
FALSE,நியதி
FALSE,நிருவாகம்
FALSE,நீதி
FALSE,பசு
TRUE,பதட்டம்
TRUE,பத்திரம்
FALSE,பரவசம்
FALSE,பலம்
FALSE,பாசம்
TRUE,பாத்திரம்
FALSE,பாவனை
FALSE,பிநாகம்
FALSE,பிரசாதம்
FALSE,பிரதிஷ்டை
FALSE,பிரபாவம்
FALSE,பிரமை
FALSE,பிரவேசம்
FALSE,பிரியம்
FALSE,புஷ்டி
FALSE,புஜபலம்
FALSE,பூஷணம்
FALSE,பேதம்
FALSE,போநகம்
FALSE,மசானம்
FALSE,மநஸ்தாபம்
FALSE,ஸ்மரணை
FALSE,மாமிசம்
FALSE,முகஸ்துதி
FALSE,மேகம்
TRUE,யத்தனம்
FALSE,யோகம்
TRUE,ருதுமங்களஸ்நானம்
FALSE,வஸ்து
FALSE,வமிசம்
FALSE,வரம்
TRUE,வாக்கு
TRUE,வாத்தியம்
FALSE,விகிதம்
TRUE,விசித்திரம்
TRUE,விதண்டாவாதம்
TRUE,வித்துவான்
TRUE,வியாச்சியம்
FALSE,விரோதம்
FALSE,வெகுமானம்
FALSE,வைபவம்
TRUE,முதிராச்சாவு
TRUE,முதலிருக்கை
TRUE,ஒப்பு
TRUE,அசட்டை
TRUE,எண்வகை
TRUE,பள்ளம்
TRUE,மட்டற்றது
TRUE,நடுவின்மை
TRUE,பழக்கம்
FALSE,ஐயம்
FALSE,வெளி
TRUE,நன்றியில் செயல்
FALSE,அழிவு
TRUE,பற்று
FALSE,பிறையுவா
TRUE,வான்மகள்
TRUE,மலர்தூவழிபாடு
TRUE,பரபரப்பு
FALSE,புதுமை
FALSE,ஐயம்
FALSE,நகை
TRUE,மூக்கு
TRUE,தொடக்கம்
TRUE,இன்பம்
TRUE,சோர்வு
FALSE,வடமொழி
TRUE,உட்புகல்
TRUE,விருப்பம்
FALSE,பொறி
TRUE,காப்பாற்றல்
FALSE,அரசியல்
FALSE,பருவம்
FALSE,அழகு
FALSE,பேறு
TRUE,வெப்பம்
FALSE,விடியல்
FALSE,மறுமொழி
FALSE,கருவாய்
TRUE,கற்பிப்போள்
FALSE,நோய்
FALSE,உறுதி
FALSE,துறவி
FALSE,வாள்
TRUE,துண்டு
FALSE,தாமரை
FALSE,தலைவன்
FALSE,சுமை
FALSE,திறை
FALSE,முறைமை
FALSE,அழிவு
TRUE,பெருமகிழ்ச்சி
FALSE,கொடுமை
TRUE,முழக்கம்
TRUE,சேர்க்கை
TRUE,நிலாமுகிப்புள்
TRUE,அழித்தல்
FALSE,கண்
FALSE,பகைவன்
FALSE,தூது
FALSE,அவை
TRUE,தக்கநேரம்
TRUE,குறிகாட்டல்
FALSE,சார்பு
TRUE,வெற்றி
FALSE,உடல்
FALSE,பிணம்
FALSE,அசையா நிலை
FALSE,பொது
TRUE,வல்லமை
TRUE,உடற்றொடர்பு
TRUE,கூந்தல்
TRUE,ஒறுத்தல்
TRUE,துன்ப நீக்கம்
FALSE,சளி
FALSE,பழுது
TRUE,வெண்மை
TRUE,துறக்கம்
FALSE,பகலவன்
TRUE,திருப்பதி
TRUE,தேர்வு
TRUE,மகிழ்ச்சி
FALSE,ஊன்
TRUE,கொங்கை
FALSE,தூண்
FALSE,கண்
FALSE,இடம்
TRUE,நிற்பன
FALSE,கூலம்
FALSE,உறுதி
TRUE,மறைத்தல்
FALSE,விரைவு
FALSE,கொடி
TRUE,யாக்கை
FALSE,இறைவி
TRUE,வெள்ளி
FALSE,அளறு
FALSE,பெயர்
TRUE,செல்வம்
FALSE,காரணம்
FALSE,நடுநிலை
FALSE,விடுதலை
FALSE,தாமரை
FALSE,பெருநாள்
TRUE,அன்பு
TRUE,ஒருவர்க்கொருவர்
TRUE,தேர்வு
FALSE,பேறு
FALSE,கால்
FALSE,மனைவி
TRUE,தலைக்கோலம்
FALSE,விரிவுரை
TRUE,சிறப்பு
FALSE,உலகம்
FALSE,பேருலகம்
FALSE,பயன்
FALSE,முறையீடு
FALSE,பீழை
FALSE,அறிவு
FALSE,தெளு
FALSE,நிறைதல்
FALSE,ஊண்
FALSE,மிகுதி
FALSE,நடுநிலை
TRUE,அமைச்சன்
FALSE,அளவு
TRUE,நண்பு
TRUE,அறிவு மயக்கம்
TRUE,அடக்கம்
TRUE,சூழ்ச்சி
FALSE,விடுமுறை
TRUE,கவர்ச்சி
FALSE,பெண்
TRUE,கூர்மை
FALSE,வலிமை
TRUE,வழக்கு
FALSE,சொல்
FALSE,விரிவு
TRUE,நஞ்சு
TRUE,கட்டளை
FALSE,திருநீறு
FALSE,முதியோன்
TRUE,பகுத்தறிவு
FALSE,திருமாலுலகு
TRUE,அகஸ்மாத்து
FALSE,அகிலம்
TRUE,அக்கினிகாரியம்
TRUE,அசந்தர்ப்பம்
FALSE,அசுபம்
FALSE,அதிகாரம்
TRUE,அத்தம்
TRUE,அநந்தம்
TRUE,அநுக்கிரகம்
FALSE,அநுபானம்
TRUE,அந்தம்
TRUE,அந்நியம்
FALSE,அபராதம்
FALSE,அபிஷேகம்
FALSE,அபேட்சை
FALSE,அம்சம்
FALSE,அருணோதயம்
TRUE,அர்ப்பணம்
TRUE,அவத்தை
FALSE,ஆகாசம்
FALSE,ஆசனவாய்
FALSE,ஆசை
FALSE,ஆதரவு
TRUE,ஆதிக்கம்
FALSE,ஆபாசம்
FALSE,ஆயுதம்
FALSE,ஆலோசனை
TRUE,இச்சை
FALSE,ஹிதம்
FALSE,எமன்
TRUE,இரத்தினம்
FALSE,இருடி
FALSE,இலகான்
FALSE,இலவசம்
FALSE,இலேகியம்
FALSE,உசிதம்
FALSE,உதாரகுணம்
TRUE,உத்தேசம்
FALSE,உபநயநம்
TRUE,உபேட்சை
FALSE,உலோபம்
TRUE,எதேச்சை
FALSE,ஏனம்
FALSE,கடினம்
FALSE,கநகம்
FALSE,கயிலாசம்
TRUE,கர்ப்பக்கிரகம்
FALSE,காயம்
FALSE,கிரகம்
FALSE,கிரியை
FALSE,கீதம்
FALSE,குமாரி
TRUE,கூசுமாண்டம்
FALSE,கோரம்
FALSE,சகாயம்
TRUE,சக்தி
TRUE,சங்கோசம்
TRUE,சத்தம்
TRUE,சந்தர்ப்பம்
TRUE,சந்தோஷம்
FALSE,சமஸ்கிருதம்
FALSE,சமாதானம்
FALSE,சம்சயம்
TRUE,சம்பாதித்தல்
FALSE,சரணம்
TRUE,சர்வகலாசாலை
FALSE,சன்மானம்
FALSE,சாதகம்
TRUE,சாத்திரம்
FALSE,சாமி
FALSE,சாவதானம்
TRUE,சிங்காரம்
TRUE,சித்திரம்
FALSE,ஸ்திரீதனம்
FALSE,சீடன்
FALSE,சீவியம்
FALSE,சுயபாஷை
FALSE,சுவீகாரம்
FALSE,சூன்யம்
TRUE,சேவித்தல்
TRUE,சோத்திரம்
FALSE,ஞாதி
TRUE,தண்டனை
TRUE,தந்தி
FALSE,தயை
TRUE,தரித்திரம்
FALSE,தாசன்
FALSE,தாமசம்
FALSE,திதி
FALSE,திரி
FALSE,தீரம்
FALSE,துஷ்டன்
FALSE,தூதர்
TRUE,தேவபக்தி
FALSE,தோடம்
FALSE,நதி
FALSE,நாசம்
FALSE,நிசம்
TRUE,நித்திரை
FALSE,நியதி
FALSE,நிருவாணம்
FALSE,நீதிஸ்தலம்
FALSE,பசு
TRUE,பதட்டம்
TRUE,பத்திரம்
TRUE,பராக்கிரமசாலி
FALSE,பலன்
FALSE,பாஷை
TRUE,பாத்திரம்
FALSE,பாவனை
FALSE,பிந்நம்
FALSE,பிரசாதம்
FALSE,பிரதிதினம்
FALSE,பிரபாவம்
TRUE,பிரமோற்சவம்
FALSE,பிரளயம்
FALSE,பிரீதி
TRUE,புட்பம்
FALSE,புராணம்
FALSE,பூஷணம்
TRUE,பைத்தியம்
FALSE,போநகம்
FALSE,மயாநம்
FALSE,மநநம்
FALSE,ஸ்மரணை
FALSE,மாமிசம்
TRUE,முகூர்த்தம்
FALSE,மேகம்
FALSE,யாகம்
FALSE,யோகம்
FALSE,ரூபம்
TRUE,வண்ணம்
FALSE,வமிசம்
TRUE,வருக்கம்
TRUE,வாக்குத்தத்தம்
FALSE,வாநரம்
FALSE,விகிதம்
TRUE,விசித்திரம்
TRUE,விதந்து
TRUE,விந்து
FALSE,வியாஜம்
FALSE,விரோதம்
FALSE,வெகுமானம்
FALSE,வைபவம்
FALSE,தகாக் காலம்
FALSE,தலைமை
TRUE,யானைத் தோட்டி
FALSE,அருமை
FALSE,புரளி
TRUE,சாய்ங்காலம்
FALSE,படலம்
TRUE,விலக்கு
TRUE,நுகர்ச்சி
FALSE,வழியளவை
FALSE,இடைவெளி
TRUE,தோல்வி
FALSE,கேடு
FALSE,நேயம்
FALSE,சோறு
TRUE,தெய்வப் பெண்
FALSE,பூசை
TRUE,சுருக்கு
TRUE,வியப்பு
TRUE,குடித்தல்
TRUE,சிரிப்பு
FALSE,ஆணை
FALSE,காரணம்
TRUE,இன்பவயம்
TRUE,அயர்வு
TRUE,மிலேச்சர்
FALSE,பேய்
TRUE,அன்பு
FALSE,மறைமொழித்தகடு
TRUE,புரத்தல்
FALSE,நாடு
TRUE,மகளிர் முதற் பூப்பு
TRUE,பார்வை
FALSE,கூடுதல் குறைதல்
FALSE,சினம்
TRUE,பிறப்பு
TRUE,கட்டளை
FALSE,இடர்
FALSE,ஆசிரியை
TRUE,ஒளியின்மை
TRUE,நிலைப்படுதல்
TRUE,தனியரசாட்சி
TRUE,பக்கம்
TRUE,கட்டி
TRUE,செருக்கு
FALSE,வினை முதல்
FALSE,பளுவு
FALSE,கிளி
FALSE,விலை
TRUE,அச்சம்
TRUE,பெருஞ் செல்வன்
TRUE,அஞ்சாமை
TRUE,கூட்டம்
TRUE,நட்பு
FALSE,திருமால்
TRUE,திங்கட்பிறப்பு
TRUE,முருட்டுத்தன்மை
FALSE,விறல்
TRUE,பிளப்பு
TRUE,மன்றம்
FALSE,பொது
FALSE,அருகு
TRUE,தொடர்பு
TRUE,வெற்றி
TRUE,யாக்கை
TRUE,மக்கள்
FALSE,உறுதி
FALSE,இனம்
FALSE,திறமை
FALSE,சிவனுருவம்
FALSE,அரிமா
TRUE,படைப்பு
TRUE,துன்பம்
FALSE,கோழை
TRUE,பழுது பார்த்தல்
FALSE,உரிமை
TRUE,பேரின்பவீடு
FALSE,கதிரவன்
FALSE,நலம்
TRUE,ஒளிவிளக்கம்
TRUE,நல்லிணக்கம்
FALSE,புலால்
TRUE,செல்வம்
FALSE,தூண்
FALSE,அணிதல்
FALSE,கோயில்
TRUE,அசையாப் பொருள்
TRUE,வன்மை
TRUE,மூன்று
TRUE,பொட்டு
TRUE,துன்பம்
FALSE,வாயில்
FALSE,மெய்
FALSE,அரசி
FALSE,நாள்
FALSE,மனிதன்
FALSE,தலைவன்
TRUE,வைப்பு
TRUE,பொருட்டு
TRUE,முறைமன்றத் தலைவர்
TRUE,நீக்கம்
FALSE,முளரி
FALSE,திருவிழா
FALSE,நேயம்
TRUE,பிறர்நாடு
FALSE,மலை
TRUE,செல்வம்
FALSE,அடி
FALSE,மலைமகள்
TRUE,விடாப்பிடி
TRUE,சொற்பொழிவு
FALSE,படி
FALSE,நூல்
FALSE,மிகுதி
TRUE,புலம்பல்
TRUE,முறைப்பாடு
FALSE,நோய்
TRUE,புதல்வன்
TRUE,நில நடுக்கம்
FALSE,முடிவு
TRUE,ஊட்டகர்
TRUE,மேன்மை
FALSE,நடு
TRUE,எனதென்றல்
FALSE,பெருமைக் குறைவு
TRUE,விலங்கு
TRUE,களைப்பு
FALSE,பேசாமை
TRUE,பொருந்துமாறு
TRUE,ஓய்வு
TRUE,கவர்ச்சி
FALSE,சோலையுணா
TRUE,ஒளிமணிக்கல்
TRUE,ஆற்றல்
TRUE,துன்பம்
FALSE,இளமை
FALSE,அகலம்
TRUE,நஞ்சு
TRUE,பணிவுள்ளவன்
FALSE,நீறு
FALSE,பழமலை
FALSE,அறிவு
TRUE,அம்மைநோய்
TRUE,அகஸ்மாத்து
FALSE,அகோசரம்
TRUE,அக்கினி நட்சத்திரம்
TRUE,அசமந்தம்
FALSE,அசுபம்
FALSE,அதிகாரி
FALSE,அஸ்தம்
TRUE,அநர்த்தம்
TRUE,அநுக்கிரகம்
FALSE,அநுபோகம்
TRUE,அந்தம்
TRUE,அந்நியம்
FALSE,அபவிருத்தி
FALSE,அபிஷேகம்
FALSE,அபேதம்
FALSE,அம்சம்
TRUE,அருத்தம்
TRUE,அலங்காரம்
TRUE,அவத்தை
FALSE,ஆகாசம்
FALSE,ஆசனவாய்
FALSE,ஆசை
FALSE,ஆதரவு
TRUE,ஆதிக்கம்
FALSE,ஆபாசம்
FALSE,ஆயுதம்
FALSE,ஆலோசனை
TRUE,இச்சை
FALSE,ஹிதம்
FALSE,இரகசியம்
TRUE,இரம்பம்
FALSE,இருடி
FALSE,இலகிமா
FALSE,இலவணம்
FALSE,இலேசு
FALSE,உசிதம்
FALSE,உதாரகுணம்
TRUE,உந்நதம்
TRUE,உபந்நியாசம்
TRUE,உபேட்சை
FALSE,உலோபம்
TRUE,எவ்வநம்
TRUE,ஐக்கியம்
FALSE,கடினம்
TRUE,கந்தமூலம்
FALSE,கயிலாயம்
TRUE,கர்ப்பவதி
FALSE,காயம்
FALSE,கிரகம்
FALSE,கிரியை
TRUE,கீர்த்தி
FALSE,குமாரி
FALSE,கூபம்
FALSE,கோரம்
FALSE,சகித்தல்
TRUE,சங்கடம்
TRUE,சச்சிதானந்தம்
TRUE,சத்தம்
TRUE,சந்தர்ப்பம்
TRUE,சந்தோஷம்
TRUE,சமத்தன்
FALSE,சமாதானம்
FALSE,சமுதாயம்
TRUE,சம்பாதித்தல்
FALSE,சரணம்
TRUE,சர்வமானியம்
TRUE,சன்னல்
FALSE,சாதகம்
TRUE,சாத்திரம்
FALSE,சுவாமி
FALSE,சிகரம்
TRUE,சிங்காரம்
TRUE,சித்திரவதை
FALSE,ஶ்ரீதனம்
FALSE,சீணதசை
FALSE,சீவியம்
FALSE,சுபிக்ஷம்
FALSE,சுவேதம்
FALSE,சூன்யம்
FALSE,சேனாதிபதி
TRUE,சோபித்தல்
FALSE,ஞானம்
TRUE,தண்டனை
TRUE,தந்தி
FALSE,தயை
TRUE,தரித்திரம்
FALSE,தாசன்
FALSE,தாமதம்
FALSE,திநம்
FALSE,ஸ்திரீ
FALSE,தீரன்
FALSE,துஷ்டன்
FALSE,தூதர்
TRUE,தேவபக்தி
FALSE,தோஷம்
TRUE,நந்தர்
FALSE,நாசி
FALSE,நிசம்
TRUE,நிந்தனை
FALSE,நியமம்
FALSE,நிருவாணம்
FALSE,நூதனம்
TRUE,பச்சாத்தாபம்
FALSE,பதம்
TRUE,பத்திரிகை
FALSE,பரிகாசம்
FALSE,பலாத்காரம்
FALSE,பாடாணம்
TRUE,பாத்திரம்
FALSE,பாவனை
FALSE,பிந்நம்
FALSE,பிரசாதம்
FALSE,பிரதிதினம்
FALSE,பிரபு
TRUE,பிரயத்தனம்
FALSE,பிரளயம்
FALSE,பிரீதி
TRUE,புட்பம்
FALSE,புராணம்
TRUE,பூச்சியம்
TRUE,பைத்தியம்
FALSE,பௌதிக சாஸ்திரம்
TRUE,மச்சம்
TRUE,மநப்பூர்வம்
FALSE,மாசூல்
FALSE,மாமிசம்
TRUE,முகூர்த்தம்
FALSE,மேகம்
FALSE,யாசகம்
FALSE,யோகம்
FALSE,ரூபம்
TRUE,வண்ணம்
FALSE,வமிசம்
TRUE,வருக்கம்
TRUE,வாக்குமூலம்
TRUE,வாந்தி
TRUE,விக்கிரமம்
FALSE,விசுவாசம்
TRUE,விதந்து
FALSE,விநயம்
FALSE,வியாதி
FALSE,விலாசம்
FALSE,வேகம்
TRUE,வைராக்கியம்
TRUE,இன்னா செய்யாமை
FALSE,அவைத் தலைவர்
TRUE,கொக்கி
TRUE,முடிக்கக் கூடாதது
TRUE,அணுத்தன்மை
FALSE,மாலை
TRUE,நூற்பிரிவு
FALSE,பொய்
TRUE,அழுந்தியறிதல்
TRUE,பெரும்பான்மை
TRUE,துணையின்மை
FALSE,பொய்
TRUE,துன்பம்
TRUE,செருக்கு
FALSE,அடிசில்
FALSE,அரிவை
TRUE,நள்ளிரவு
TRUE,பதைப்பு
TRUE,அருள் நிகழ்ச்சி
TRUE,இறுமாப்பு
TRUE,பள்ளி
TRUE,கட்டளை
FALSE,எழுவாய்
TRUE,தெலுங்குநாடு
TRUE,மயக்கம்
TRUE,முன்னறிதல்
TRUE,இவ்வுலகம்
TRUE,விருப்பம்
TRUE,கூற்றுவன்
TRUE,ஓம்புதல்
TRUE,போர்ப்படை
TRUE,பூப்பு நன்னீராட்டு
TRUE,குறிக்கோள்
TRUE,ஊதியமும் பொருட்கேடும்
TRUE,ஊக்கம்
TRUE,வெளிப்படல்
FALSE,அலுவல்
TRUE,இக்கட்டு
TRUE,சூழ்ச்சி
FALSE,மயிர்
TRUE,வேள்வி
FALSE,தனிமை
TRUE,சார்பு
FALSE,மிடறு
TRUE,உயர்தோற்றம்
TRUE,ஆக்கியோன்
FALSE,ஈளை நோய்
TRUE,கொப்பரை
FALSE,குறவன்
FALSE,கவலை
TRUE,செல்வக் கடவுள்
FALSE,தறுகண்
FALSE,வில்
FALSE,தோழன்
TRUE,தனியரசாள்வோன்
TRUE,ஒன்றின்று பிறிதொன்றிகட் செல்லல்
TRUE,எப்பொழுதும்
TRUE,மெய்ப்படுதல்
TRUE,பொருத்து
FALSE,கழகம்
TRUE,வேறுபாடின்மை
TRUE,அண்மை
TRUE,பொருத்தம்
FALSE,மலை
FALSE,மெய்
FALSE,நரல்
FALSE,வீடுபேறு
FALSE,குலம்
FALSE,கூறுபாடு
FALSE,சிவவுலகு
FALSE,ஏறு
TRUE,படைப்பு
TRUE,தொல்லை
TRUE,பல்லக்கு
TRUE,ஒழுக்கம்
TRUE,தாய்நாடு
FALSE,பொன்
FALSE,பரிதி
FALSE,காவல்
TRUE,ஒளிவிளக்கம்
FALSE,அழகு
FALSE,ஊன்
FALSE,பொருள்
TRUE,அன்பு
FALSE,பூணல்
FALSE,பதி
FALSE,நிறுவுதல்
FALSE,உறுதி
FALSE,பொருள்
TRUE,நேர்த்தி
FALSE,பரிவு
FALSE,புழை
TRUE,சாக்காடு
FALSE,தலைவி
FALSE,கேடு
TRUE,கூத்து
FALSE,தலைவி
FALSE,பொருள்
FALSE,அடையாளம்
FALSE,நடுவர்
TRUE,கீழ்மகன்
FALSE,குறை
FALSE,புலவன்
TRUE,பற்று
FALSE,வீடுபேறு
FALSE,மலை
TRUE,நல்வினை
TRUE,காற்பரடு
TRUE,குழந்தை
TRUE,தந்தை
TRUE,பெரும் புயல்
FALSE,மாறுபாடு
TRUE,நூற்றொகுதி
TRUE,பேரின்பம்
TRUE,முயற்சி
TRUE,ஊழ்வினை
TRUE,பொற்பட்டாடை
FALSE,மகன்
FALSE,நில நூல்
FALSE,நிறைவு
TRUE,நுகர் பொருள்
FALSE,பெரியோன்
TRUE,நண்பகல்
TRUE,இறக்குமளவும்
TRUE,மானக்கேடு
TRUE,மத்தளம்
TRUE,உணர்ச்சியின்மை
FALSE,தலைவன்
TRUE,நுண்ணறிவு
TRUE,பற்றுமுறி
FALSE,உறுதியானது
FALSE,காடு
TRUE,காழ்ப்பு
FALSE,திறம்
TRUE,வருத்தம்
FALSE,பகடி
TRUE,பெருக்கம்
FALSE,பொருள்
FALSE,விரிவு
TRUE,நீக்கம்
FALSE,வரலாறு
TRUE,விழுக்காடு
TRUE,பூனைக்கண்மணி
FALSE,அகதி
FALSE,அகோரம்
TRUE,அங்க சேட்டை
TRUE,அசமந்தம்
FALSE,அசுவம்
FALSE,அதிகாரி
TRUE,அத்தி
TRUE,அநர்த்தம்
TRUE,அநுசரித்தல்
FALSE,அநுபோகம்
TRUE,அந்தம்
TRUE,அந்நியோந்நியம்
FALSE,அபாண்டம்
FALSE,அபிநயம்
FALSE,அபேதம்
TRUE,அம்பாரம்
TRUE,அருத்தம்
TRUE,அலங்காரம்
TRUE,அவத்தை
FALSE,ஆகாசம்
FALSE,ஆசாபாசம்
FALSE,ஆசை
FALSE,ஆதரவு
FALSE,ஆதியந்தம்
FALSE,ஆப்தம்
FALSE,ஆயுதம்
FALSE,ஆலோசனை
TRUE,இச்சை
FALSE,ஹிதம்
FALSE,இரகசியம்
FALSE,இராகம்
FALSE,இருடி
TRUE,இலக்கம்
FALSE,இலவுகிகம்
FALSE,ஈசன்
FALSE,உசிதம்
FALSE,உதாரணம்
TRUE,உந்நதம்
FALSE,உபயோகம்
TRUE,உயிர்ப்பிராணி
TRUE,உல்லாசம்
TRUE,எவ்வநம்
FALSE,ஐச்வரியம்
FALSE,கடினம்
TRUE,கந்தம்
FALSE,கயிலாயம்
TRUE,கர்வம்
FALSE,காரகன்
FALSE,கிரகம்
FALSE,கிரீடம்
TRUE,கீர்த்தி
FALSE,குமாரி
FALSE,கூபம்
FALSE,சகசம்
FALSE,சகுனம்
TRUE,சங்கடம்
TRUE,சஞ்சலம்
TRUE,சத்தம்
TRUE,சந்தியாவந்தனம்
TRUE,சந்நிதி
TRUE,சமத்தன்
FALSE,சமாதானம்
FALSE,சமூகம்
TRUE,சம்பிரதாயம்
FALSE,சரணாகதி
FALSE,சர்வேஸ்வரன்
FALSE,சாகரம்
FALSE,சாதகம்
FALSE,சாத்மிகம்
FALSE,சுவாமி
FALSE,சிகரம்
TRUE,சிங்குவை
FALSE,சிநேகம்
FALSE,ஶ்ரீதனம்
FALSE,சீணதசை
FALSE,சீவியம்
FALSE,சுயம்வரம்
TRUE,சுழுத்தி
FALSE,சூன்யம்
FALSE,சேனாதிபதி
TRUE,சோபித்தல்
FALSE,ஞானம்
FALSE,ததாஸ்து
TRUE,தந்திரம்
FALSE,தயிலம்
TRUE,தரித்திரம்
TRUE,தாட்சணியம்
FALSE,தாமதம்
FALSE,திநம்
TRUE,திருட்டாந்தம்
FALSE,தீரன்
FALSE,துதி
FALSE,தூபம்
TRUE,தேவபக்தி
TRUE,தோத்திரம்
TRUE,நந்தவனம்
FALSE,நாஸ்திகன்
FALSE,நிசி
TRUE,நிந்தனை
FALSE,நியமம்
FALSE,நிருவாணம்
TRUE,நேத்திரம்
TRUE,பச்சாத்தாபம்
FALSE,பதம்
TRUE,பத்திரிகை
FALSE,பரிகாசம்
FALSE,பலவந்தம்
FALSE,பாடியம்
FALSE,பாநகம்
FALSE,பாஸ்கரன்
FALSE,பிரகடனம்
FALSE,பிரசாதம்
FALSE,பிரதிநிதி
FALSE,பிரபு
FALSE,பிரயாசை
FALSE,பிரளயம்
FALSE,பிரீதி
FALSE,புஷ்பம்
FALSE,புராதனம்
TRUE,பூச்சியம்
TRUE,பைத்தியம்
TRUE,பௌத்திரன்
FALSE,மணிபூரகம்
FALSE,மநோகரம்
FALSE,மாதம்
TRUE,மார்க்கம்
TRUE,முக்கியம்
FALSE,மேடம்
FALSE,யாதவன்
FALSE,யோகம்
TRUE,வகித்தல்
TRUE,வண்ணம்
TRUE,வம்சம்
TRUE,வருக்கம்
FALSE,வாசகம்
TRUE,வாந்தி
TRUE,விக்கிரமம்
FALSE,விசுவாசம்
FALSE,விதவை
FALSE,விநயம்
FALSE,வியாதி
FALSE,விவகாரம்
FALSE,வேடம்
TRUE,செருக்கு
TRUE,கொல்லாமை
TRUE,முதல்வர்
FALSE,பெருவிரல்
TRUE,பசியின்மை
FALSE,மிகுதி
FALSE,மறைவு
TRUE,அம்பு
FALSE,முறைகேடு
TRUE,துய்த்தல்
FALSE,பல
FALSE,காலம்
FALSE,தவறு
TRUE,இடுக்கண்
TRUE,பெருக்கம்
FALSE,இனிமை
TRUE,வான்மகள்
TRUE,மங்கை பங்கன்
TRUE,முதன்மை
FALSE,அரிய செயல்
TRUE,செருக்கு
FALSE,பாழி
FALSE,ஆரவாரம்
FALSE,கடவுள்
FALSE,இடர்
TRUE,வாழ்நாள்
TRUE,ஏற்றுதல்
TRUE,இவ்விடம்
TRUE,நண்பன்
FALSE,காலன்
TRUE,புண்மருத்துவம்
FALSE,இரவு
TRUE,பூப்புக் கழிப்பு
TRUE,ஒடுக்கம்
TRUE,குதிரைப்பந்தி
FALSE,மிகுதி
TRUE,தோற்றம்
TRUE,முயற்சி
TRUE,துன்பம்
TRUE,நொய்மை
FALSE,முடி
FALSE,தலைவன்
FALSE,ஒரு முடிவு
TRUE,பக்கம்
TRUE,கழுத்து
FALSE,பெருமை
FALSE,நூலாசிரியன்
FALSE,இருமல் நோய்
FALSE,புகழ்
TRUE,வேட்டுவன்
TRUE,துன்பம்
TRUE,நங்கை
TRUE,ஈரமின்மை
FALSE,குலம்
TRUE,கூட்டாளி
TRUE,மன்னர்மன்னன்
FALSE,இசை
TRUE,இடையறாவின்பம்
TRUE,எப்பொழுதும்
TRUE,இரண்டு
TRUE,அரங்கம்
FALSE,கழகம்
TRUE,மருங்கு
TRUE,நிகழ்ச்சி
TRUE,இனிய பண்பு
TRUE,பாம்பு
TRUE,மக்கள்
FALSE,தாழி
TRUE,வகுப்பு
TRUE,பொருள்கள்
FALSE,ஒழிவு
FALSE,அரிமா
TRUE,உள்ளம்
TRUE,கேள்வி
TRUE,கற்றச்சு
TRUE,உயிர்ப்பொருள்
TRUE,தூய்மை
TRUE,இளைப்பிருமல்
TRUE,என்றூழ்
FALSE,புதையல்
TRUE,கோள்நூலார்
TRUE,செல்வி
FALSE,புலால்
TRUE,கொங்கை
TRUE,இரக்கம்
TRUE,உடுத்தல்
TRUE,திருக்கோயிற் பயணம்
TRUE,நாட்டல்
FALSE,கண்
TRUE,செல்வம்
FALSE,இனிமை
FALSE,கவலை
FALSE,துளை
TRUE,உடற்பயிற்சி
FALSE,உறுதி
TRUE,இழப்பு
TRUE,ஒன்பது கோள்
TRUE,இருப்பாணி
FALSE,நாடோறும்
FALSE,ஊழ்
FALSE,உறுதி
TRUE,தாழ்ந்தோன்
FALSE,பழுது
FALSE,அறிஞன்
TRUE,அன்பு
TRUE,மேல்நிலை
FALSE,உதவி
FALSE,தளை
FALSE,மிதியடி
TRUE,பிள்ளைப்பருவம்
TRUE,தகப்பன்
TRUE,பெருங்காற்று
FALSE,எதிர்
FALSE,புகழ்
TRUE,மலைத்தல்
TRUE,செய்கை
TRUE,விரும்பியதெய்தல்
FALSE,சுவடி நூல்
TRUE,மைந்தன்
TRUE,வழிபாடு செய்வோன்
TRUE,முன்பிறப்பு
TRUE,கற்பனை
FALSE,பருமை
TRUE,உள்ளம்
FALSE,சாவு
FALSE,இறையிலி நிலம்
TRUE,மென்மை
FALSE,கடவுள்
FALSE,மெய்
TRUE,சூழ்ச்சி
FALSE,பெரிய தெரு
FALSE,ஆடை
TRUE,தோப்பு
FALSE,முதுமை
TRUE,ஊர்தி
TRUE,வழக்கிடுதல்
TRUE,வேடிக்கை
FALSE,விரிவு
FALSE,நுதலிய பொருள்
FALSE,வேறுபாடு
FALSE,விடுதலை
TRUE,ஆக்கம்
TRUE,விழுக்காடு
FALSE,ஒளிமணி
FALSE,அகதி
FALSE,அகோரம்
TRUE,அங்கம்
TRUE,அசமந்தம்
TRUE,அஞ்சனம்
FALSE,அதிசயம்
FALSE,அஸ்தி
TRUE,அநர்த்தம்
TRUE,அநுசரித்தல்
FALSE,அநுபோகம்
TRUE,அந்தம்
TRUE,அந்நியோந்நியம்
FALSE,அபாண்டம்
FALSE,அபிநயம்
TRUE,அப்பியாசம்
TRUE,அம்பிகை
TRUE,அர்த்தம்
TRUE,அலங்காரம்
FALSE,அவதூறு
FALSE,ஆகாசம்
FALSE,ஆசாபாசம்
FALSE,ஆசை
FALSE,ஆதாரம்
TRUE,ஆதியோடந்தமாய்
FALSE,ஆப்தம்
FALSE,ஆயுதம்
FALSE,ஆலோசனை
TRUE,இச்சை
FALSE,இதரம்
FALSE,இரகசியம்
FALSE,இராகம்
FALSE,இருதயம்
TRUE,இலக்கம்
FALSE,இலவுகிகம்
FALSE,ஈசன்
FALSE,உசிதம்
FALSE,உதாரணம்
FALSE,உபகரணம்
FALSE,உபவனம்
TRUE,உருக்குமணி
TRUE,உல்லாசம்
FALSE,யௌவநம்
FALSE,ஐச்வரியம்
FALSE,கடூரம்
TRUE,கந்தம்
FALSE,கரகோஷம்
FALSE,கலசம்
FALSE,காரியதரிசி
FALSE,கிரகம்
FALSE,கிருஷி
TRUE,குக்குடம்
FALSE,குமாரி
TRUE,கூர்மம்
FALSE,சகசம்
FALSE,சகோதரன்
TRUE,சங்கடம்
TRUE,சஞ்சலம்
TRUE,சத்தம்
TRUE,சந்திரன்
TRUE,சந்நிதானம்
TRUE,சமர்த்தன்
FALSE,சமாதானம்
TRUE,சமுத்திரம்
TRUE,சம்பிரதாயம்
FALSE,சரணாகதி
FALSE,சலசம்
TRUE,சாக்கிரதை
FALSE,சாதகம்
TRUE,சாத்துவிகம்
FALSE,சுவாமி
FALSE,சிகரம்
FALSE,சிசு
FALSE,சிநேகம்
FALSE,ஶ்ரீமத்
FALSE,சீதபேதி
FALSE,சுகந்தம்
TRUE,சுயார்ச்சிதம்
TRUE,சூக்குமம்
FALSE,சேஷம்
FALSE,சைந்யம்
FALSE,சோமன்
FALSE,ஞானம்
FALSE,ததியோதநம்
TRUE,தந்திரம்
FALSE,தரா
TRUE,தருக்கம்
FALSE,தாநம்
FALSE,தாமதம்
FALSE,தினம்
TRUE,திருட்டாந்தம்
FALSE,தீரன்
FALSE,துதி
FALSE,தூபி
TRUE,தெய்வபக்தி
TRUE,தோத்திரம்
TRUE,நந்தவனம்
FALSE,நாதம்
TRUE,நிச்சயம்
TRUE,நிபந்தனை
FALSE,நியமம்
TRUE,நிரூபித்தல்
FALSE,பகவன்
TRUE,பஞ்சபாதகன்
TRUE,பதார்த்தம்
TRUE,பந்தம்
FALSE,பரிசம்
FALSE,பலி
FALSE,பாடியம்
FALSE,பாநகம்
TRUE,பிங்கலை
TRUE,பிரகதாம்பாள்
FALSE,பிரசாரம்
FALSE,பிரதியுபகாரம்
FALSE,பிரபு
FALSE,பிரயாசை
FALSE,பிரளயாகலர்
FALSE,பிருதிவி
FALSE,புஷ்பம்
FALSE,புராதனம்
FALSE,பூதம்
TRUE,பொக்கிஷம்
TRUE,பௌத்திரி
TRUE,மண்டூகம்
FALSE,மநோகரம்
FALSE,மாதா
TRUE,மார்க்கம்
TRUE,முத்தி
FALSE,மோகம்
TRUE,யாத்திரை
TRUE,யோக்கியம்
TRUE,வகித்தல்
FALSE,வர்ணம்
TRUE,வம்சம்
TRUE,வர்க்கம்
FALSE,வாசம்
TRUE,வாந்தி பேதி
TRUE,விக்கிநம்
FALSE,விசேடம்
FALSE,விதவை
FALSE,விநாயகர்
FALSE,வியாபாரம்
FALSE,விவகாரம்
FALSE,வேஷம்
TRUE,இறுமாப்பு
TRUE,எல்லாம்
TRUE,நெருப்பு
TRUE,விரற்கடை
FALSE,செரியாமை
FALSE,பேரழகு
FALSE,அடைவு
TRUE,அம்பு
FALSE,கைகூடுதல்
TRUE,நுகர்தல்
TRUE,கூற்றுவன்
FALSE,வானொலி
TRUE,அடைக்கலம்
TRUE,மலக்காற்று
TRUE,ஆக்கம்
FALSE,வகை
FALSE,ஒலி
TRUE,மாதிருக்கும் பாதியன்
TRUE,கட்டாயம்
TRUE,துய்ப்பு
TRUE,தருக்கு
FALSE,முனிவருறையுள்
FALSE,தடை
FALSE,உரிமை
TRUE,துன்பம்
TRUE,ஆண்டு
FALSE,நலம்
TRUE,இப்பிறப்பு
FALSE,இனிமை
FALSE,மறலி
TRUE,அருவைமருத்துவம்
TRUE,கங்குல்
FALSE,வரி
FALSE,அழிவு
TRUE,கொடுக்கல் வாங்கல்
TRUE,களஞ்சியம்
FALSE,வயிறு
FALSE,தொழில்
TRUE,வருத்தம்
FALSE,எளிது
TRUE,குஞ்சி
TRUE,முதல்வன்
TRUE,விருப்பம்
TRUE,சார்பு
TRUE,மறுப்பு
FALSE,ஆழம்
FALSE,வினை
FALSE,காவி
TRUE,மேன்மை
TRUE,சிற்றூர்
FALSE,கேடு
FALSE,மணமாகாப் பெண்
TRUE,உட்பகை
TRUE,வகுப்பு
FALSE,உதவி
TRUE,அரசர்க்கரசன்
FALSE,குறியீடு
FALSE,அறிவுடைமை
FALSE,வழிவழி
TRUE,மூட்டு
FALSE,அவை
TRUE,கூட்டம்
FALSE,நேர்
FALSE,செயல்
TRUE,இனிய விளையாட்டு
FALSE,தோல்
FALSE,நரல்
TRUE,சான்று
TRUE,நிலைநிறுத்தல்
TRUE,தட்டுமுட்டுகள்
TRUE,ஓய்வு
FALSE,ஏறு
FALSE,நினைவு
TRUE,இறந்தநாட்கடன்
FALSE,அடையாளம்
TRUE,உயிர்களிடத்தன்பு
TRUE,துப்புரவு
TRUE,மூச்சு
FALSE,கனலி
TRUE,காவற்காரன்
TRUE,காலக்கணிதர்
FALSE,திருமகள்
FALSE,குருவடிவம்
TRUE,செல்வன்
TRUE,கண்ணோட்டம்
TRUE,மேற்கொள்ளல்
TRUE,திருக்கோயிற் செலவு
TRUE,நிலைநிறுத்தல்
TRUE,பார்வை
TRUE,செய்நீர்
FALSE,மேன்மை
TRUE,வருத்தம்
FALSE,பகை
FALSE,ஒளி
TRUE,திட்பம்
FALSE,கேடு
TRUE,ஒன்பது வகைத் தவசம்
TRUE,தேங்காய்
TRUE,எப்பொழுதும்
TRUE,செய்கடன்
TRUE,அடியற்றது
FALSE,நெறி
FALSE,சேறு
TRUE,மருத்துவன்
FALSE,நேயம்
TRUE,கால்வழி
TRUE,கைம்மாறு கருதா உதவி
TRUE,கட்டு
FALSE,வழி
FALSE,இளைஞர்
TRUE,அத்தன்
TRUE,பிள்ளைப்பேறு
FALSE,உறுதி
TRUE,முதன்மை
TRUE,திகைத்தல்
TRUE,வெள்ளப்பெருக்கு
TRUE,பார்ப்பான்
FALSE,சுவடி நூல்
TRUE,கான்முளை
FALSE,வழிபாடு
TRUE,வளர்பிறை
FALSE,வெறி
FALSE,பெருமை
FALSE,மனம்
TRUE,இறப்பு
FALSE,செரியாமை
TRUE,நொய்மை
TRUE,முதற்பொருள்
TRUE,உண்மை
TRUE,கருங்குரங்கு
TRUE,பாட்டை
FALSE,துணி
TRUE,காடுறை வாழ்க்கை
FALSE,பேறு
FALSE,அணிகம்
TRUE,அன்பு
FALSE,வேறுபாடு
FALSE,அகலம்
FALSE,பொருள்
TRUE,ஏற்றத்தாழ்வு
TRUE,ஒழுக்கமிலாள்
TRUE,பெருக்கம்
FALSE,தெரு
FALSE,மறையியல் நெறி
TRUE,அகந்தை
TRUE,அகோராத்திரம்
TRUE,அங்கம்
FALSE,அசரீரி
TRUE,அஞ்சனம்
FALSE,அதிசயம்
TRUE,அத்திபாரம்
FALSE,அநவரதம்
TRUE,அநுட்டானம்
FALSE,அநுபோகம்
TRUE,அந்தம்
TRUE,அந்நியோந்நியம்
FALSE,அபாண்டம்
FALSE,அபிநயம்
TRUE,அப்பியாசம்
TRUE,அம்பிகை
TRUE,அர்த்தம்
TRUE,அலங்காரம்
FALSE,அவமானம்
FALSE,ஆகாசம்
FALSE,ஆசாபாசம்
TRUE,ஆச்சரியம்
FALSE,ஆதாரம்
TRUE,ஆதியோடந்தமாய்
TRUE,ஆமோதித்தல்
FALSE,ஆரணியம்
FALSE,ஆவசியம்
TRUE,இடங்கம்
FALSE,இதரம்
FALSE,இரசம்
FALSE,இராகம்
FALSE,இருதயம்
TRUE,இலட்சம்
FALSE,இலாகா
FALSE,ஈசானம்
TRUE,உச்சந்தம்
TRUE,உதித்தல்
FALSE,உபகரணம்
FALSE,உபாசனை
FALSE,உருசி
TRUE,உல்லாசம்
FALSE,யௌவநம்
FALSE,ஐதிகம்
FALSE,கஷ்டம்
TRUE,கந்துகம்
FALSE,கருடன்
FALSE,கலாசாலை
FALSE,காரியதரிசி
FALSE,கிரகஸ்தம்
FALSE,கிருஷி
FALSE,குலசம்
TRUE,கும்பகோணம்
FALSE,கேலி
FALSE,சகடம்
FALSE,சகோதரன்
TRUE,சங்கடம்
TRUE,சஞ்சலம்
TRUE,சத்தியம்
TRUE,சந்திரன்
TRUE,சந்நியாசம்
TRUE,சமர்த்தன்
FALSE,சமாதி
FALSE,சமேதம்
TRUE,சம்பிரதாயம்
FALSE,சரணாரவிந்தம்
FALSE,சலசந்தி
TRUE,சாக்கிரதை
FALSE,சாதம்
TRUE,சாந்தம்
FALSE,சாமீப்பியம்
FALSE,சிகரம்
FALSE,சிசு
FALSE,சிநேகிதம்
FALSE,ஶ்ரீலஶ்ரீ
FALSE,சீதம்
FALSE,சுகம்
TRUE,சுயேச்சை
TRUE,சூக்குமம்
FALSE,சேஷம்
FALSE,சைலம்
FALSE,சோமன்
FALSE,ஞானம்
TRUE,தத்தம்
FALSE,தபசு
FALSE,தரா
TRUE,தருக்கம்
FALSE,தாநம்
FALSE,தாமம்
FALSE,தினம்
TRUE,திருட்டாந்தம்
TRUE,தீர்க்கதரிசி
FALSE,ஸ்துதி
FALSE,ஸ்தூபி
TRUE,தெய்வபக்தி
FALSE,நகல்
TRUE,நந்தனவனம்
FALSE,நாதம்
TRUE,நிச்சயம்
TRUE,நிபந்தனை
FALSE,நியமம்
TRUE,நிரூபித்தல்
FALSE,பகவன்
TRUE,பஞ்சாட்சரம்
TRUE,பதார்த்தம்
TRUE,பந்தம்
TRUE,பரிசுத்தம்
FALSE,பலி
FALSE,பாடியம்
FALSE,பாபமோசனம்
FALSE,பிசாசு
FALSE,பிரகஸ்பதி
TRUE,பிரசித்தி
FALSE,பிரதிவாதி
FALSE,பிரமசாரி
FALSE,பிரயாசை
FALSE,பிராகாரம்
FALSE,பிரேதம்
TRUE,புட்பராகம்
FALSE,புருடன்
FALSE,பூதம்
TRUE,பொக்கிஷ சாலை
FALSE,பௌர்ணமி
FALSE,மதம்
TRUE,மநோராச்சியம்
FALSE,மாதா
FALSE,மாலுமி
TRUE,முத்திரை
FALSE,மோகம்
TRUE,யாத்திரை
TRUE,யோக்கியதை
TRUE,வகித்தல்
FALSE,வர்ணம்
TRUE,வம்சம்
TRUE,வர்க்கம்
FALSE,வாசம்
FALSE,வாமம்
TRUE,விக்கிநம்
FALSE,விசேடம்
FALSE,விதம்
,விநாயகர் சதுர்த்தி
FALSE,வியாபாரம்
FALSE,விவசாயம்
FALSE,வேதம்
TRUE,முனைப்பு
FALSE,உலகு
FALSE,தீ
FALSE,விரலளவு
TRUE,அழுக்கு
FALSE,இயல்
TRUE,சாய்ங்காலம்
TRUE,இரண்டற்றது
FALSE,பயன்
TRUE,துவ்வல்
FALSE,குருடன்
FALSE,அயல்
FALSE,கருவியறிவு
TRUE,திருமுழுக்கு
TRUE,வளர்ச்சி
TRUE,அன்னப்புள்
TRUE,பாம்பு
TRUE,நீரொடு கொடுத்தல்
TRUE,இன்றியமையாமை
TRUE,நுகர்ச்சி
FALSE,நேர் வருகை
TRUE,வாழ்த்துரை
TRUE,மறுப்பு
TRUE,முதன்மை
TRUE,இக்கட்டு
TRUE,வாழ்நாள்
TRUE,நோயின்மை
TRUE,இப்போது
TRUE,நன்மை
TRUE,கூற்றுவன்
FALSE,தேர்
TRUE,இறைப்பணம்
TRUE,எழுத்து
TRUE,ஒடுக்கம்
TRUE,பண்டமாற்று
TRUE,சரக்கறை
TRUE,வள்ளன்மை
TRUE,கருத்து
FALSE,தடை
FALSE,சிறிது
TRUE,எங்கும் பரந்த புகழ்
FALSE,உறுதி
TRUE,குற்றம்
TRUE,மருந்துக் குடிநீர்
TRUE,கண்ணேறு
TRUE,எலும்புருக்கி நோய்
FALSE,தொழில்
FALSE,விறகு
TRUE,கோள்நிலை
FALSE,தொழில்
FALSE,சிதைவு
TRUE,புதல்வி
FALSE,சினம்
FALSE,மரபு
FALSE,துணை
TRUE,ஆற்றல்
FALSE,நினைவு
FALSE,திறமை
TRUE,பிள்ளை
TRUE,மகிழ்ச்சி
TRUE,மன்றம்
TRUE,செய்தி
FALSE,திருமுன்
FALSE,உரையாடல்
FALSE,கலைமகள்
TRUE,எல்லாம்
TRUE,பிறப்பு
FALSE,கரி
TRUE,குல ஒழுக்கம்
FALSE,கடவுள்
FALSE,வசதி
FALSE,அரியணை
TRUE,கருத்து
TRUE,படைத்தல்
TRUE,உருக்குலைவு
TRUE,அருள் ஒழுக்கம்
FALSE,அழகு
TRUE,உயிர்ப்பு
TRUE,எல்லோன்
TRUE,போர் மறவன்
TRUE,குறிப்பாளர்
FALSE,பகல் வழியளவு
TRUE,தென்முகக் கடவுள்
FALSE,பல்
TRUE,அன்பு
FALSE,வறுமை
TRUE,இப்போது
TRUE,தாழ்த்தல்
TRUE,கண்ணேறு
FALSE,சாரம்
FALSE,நாடோறும்
FALSE,துயரம்
TRUE,வெறுப்பு
FALSE,நாடு
TRUE,ஆண்மை
TRUE,இழப்பு
TRUE,வெண்ணெய்
TRUE,அழிக்கை
FALSE,அழியாமை
FALSE,முறை
FALSE,அழிவு
FALSE,முறை
TRUE,குற்றம்
FALSE,பதறுதல்
TRUE,பற்று
FALSE,தலைமுறை
FALSE,கணவன்
FALSE,கயிறு
TRUE,பாட்டை
TRUE,கற்பனை
TRUE,முன்னோர் தேட்டம்
TRUE,கருவுயிர்ப்பு
FALSE,ஆணை
TRUE,சிறப்பு
FALSE,மருளல்
FALSE,நுழைவு
TRUE,நேர்த்திக்கடன்
FALSE,பருமன்
TRUE,புதல்வி
TRUE,வணக்கம்
FALSE,பழைமை
TRUE,மயக்கம்
TRUE,மேன்மை
TRUE,துன்பம்
TRUE,சாக்காடு
FALSE,ஊனுணா
FALSE,அறிவிலான்
FALSE,விடுமுதல்
TRUE,விருப்பம்
TRUE,நலச்செய்தி
FALSE,போர்
FALSE,கூறை
TRUE,வணக்கம்
TRUE,மேன்மை
TRUE,சொற்றொடர்
TRUE,விருப்பம்
FALSE,வேறுபாடு
TRUE,பெருக்கம்
FALSE,நுதலிய பொருள்
TRUE,வேற்றுமை
TRUE,வழக்கு
FALSE,பகை
TRUE,மள்ளர்
TRUE,மருத்துவம்